,Owner,Session ID,Mouse ID,Date,Phase,Left Reward Prob,Right Reward Prob,Block Range Min,Block Range Max,No. Trials,No. Blocks,No. Rewards,p(high Port),Decision Window Duration,Min Inter-trial-interval,Left Solenoid Duration,Right Solenoid Duration
0,shay,11012016_K1,K1,2016-11-01 00:00:00,1.0,1.0,1.0,1000.0,1000.0,8.0,0.0,8.0,0.0,10.0,0.5,35.0,35.0
1,shay,11022016_K1,K1,2016-11-02 00:00:00,1.0,1.0,1.0,1000.0,1000.0,85.0,0.0,85.0,0.0,10.0,0.5,35.0,35.0
2,shay,11032016_K1,K1,2016-11-03 00:00:00,1.0,1.0,1.0,1000.0,1000.0,104.0,0.0,104.0,0.0,3.0,1.0,35.0,35.0
3,shay,11042016_K1,K1,2016-11-04 00:00:00,2.0,0.1,0.9,50.0,50.0,70.0,1.0,50.0,0.83,2.0,1.0,35.0,35.0
4,shay,11082016_K1,K1,2016-11-08 00:00:00,1.0,1.0,1.0,500.0,500.0,118.0,0.0,118.0,0.0,5.0,1.0,60.0,60.0
5,shay,11092016_K1,K1,2016-11-09 00:00:00,1.0,1.0,1.0,500.0,500.0,133.0,0.0,133.0,0.0,5.0,1.0,60.0,60.0
6,shay,11102016_K1,K1,2016-11-10 00:00:00,2.0,0.0,1.0,30.0,30.0,213.0,4.0,134.0,0.63,5.0,1.0,35.0,35.0
7,shay,11112016_K1,K1,2016-11-11 00:00:00,2.0,0.0,1.0,50.0,50.0,315.0,5.0,258.0,0.82,2.0,1.0,35.0,35.0
8,shay,11142016_K1,K1,2016-11-14 00:00:00,2.0,0.1,0.9,50.0,50.0,415.0,5.0,284.0,0.72,2.0,1.0,35.0,35.0
9,shay,11152016_K1,K1,2016-11-15 00:00:00,2.0,0.1,0.9,50.0,50.0,315.0,4.0,228.0,0.77,2.0,1.0,35.0,35.0
10,shay,11162016_K1,K1,2016-11-16 00:00:00,2.0,0.1,0.9,50.0,50.0,217.0,3.0,169.0,0.85,2.0,1.0,35.0,35.0
11,shay,11172016_K1,K1,2016-11-17 00:00:00,2.0,0.2,0.8,30.0,40.0,198.0,3.0,131.0,0.8,2.0,1.0,35.0,35.0
12,shay,11182016_K1,K1,2016-11-18 00:00:00,2.0,0.8,0.2,20.0,40.0,213.0,4.0,128.0,0.65,2.0,1.0,35.0,35.0
13,shay,11212016_K1,K1,2016-11-21 00:00:00,2.0,0.2,0.8,50.0,50.0,349.0,4.0,219.0,0.74,2.0,1.0,35.0,35.0
14,shay,11222016_K1,K1,2016-11-22 00:00:00,2.0,0.8,0.2,20.0,40.0,281.0,6.0,200.0,0.84,2.0,1.0,35.0,35.0
15,shay,11292016_K1,K1,2016-11-29 00:00:00,2.0,0.1,0.9,50.0,50.0,399.0,6.0,305.0,0.82,2.0,1.0,35.0,35.0
16,shay,11302016_K1,K1,2016-11-30 00:00:00,2.0,0.8,0.2,10.0,40.0,470.0,10.0,289.0,0.68,2.0,1.0,35.0,35.0
17,shay,12012016_K1,K1,2016-12-01 00:00:00,2.0,0.2,0.8,50.0,50.0,91.0,1.0,54.0,0.77,2.0,1.0,35.0,35.0
18,shay,12022016_K1,K1,2016-12-02 00:00:00,2.0,0.2,0.8,10.0,40.0,194.0,5.0,127.0,0.75,2.0,1.0,35.0,35.0
19,shay,12052016_K1,K1,2016-12-05 00:00:00,2.0,0.2,0.8,10.0,40.0,364.0,8.0,238.0,0.75,2.0,1.0,35.0,35.0
20,shay,12062016_K1,K1,2016-12-06 00:00:00,2.0,0.2,0.8,10.0,40.0,521.0,12.0,321.0,0.75,2.0,1.0,35.0,35.0
21,shay,12072016_K1,K1,2016-12-07 00:00:00,2.0,0.3,0.7,10.0,40.0,404.0,9.0,225.0,0.69,2.0,1.0,35.0,35.0
22,shay,12082016_K1,K1,2016-12-08 00:00:00,2.0,0.3,0.7,10.0,40.0,604.0,14.0,349.0,0.64,2.0,1.0,35.0,35.0
23,shay,12092016_K1,K1,2016-12-09 00:00:00,2.0,0.7,0.3,10.0,40.0,586.0,11.0,308.0,0.63,2.0,1.0,35.0,35.0
24,shay,12122016_K1,K1,2016-12-12 00:00:00,2.0,0.7,0.3,10.0,40.0,550.0,11.0,302.0,0.65,2.0,1.0,35.0,35.0
25,shay,12132016_K1,K1,2016-12-13 00:00:00,2.0,0.7,0.3,10.0,40.0,601.0,15.0,365.0,0.74,2.0,1.0,35.0,35.0
26,shay,12162016_K1,K1,2016-12-16 00:00:00,2.0,0.3,0.7,10.0,40.0,403.0,10.0,239.0,0.71,2.0,1.0,35.0,35.0
27,shay,11162016_K4,K4,2016-11-16 00:00:00,1.0,1.0,1.0,1000.0,1000.0,436.0,0.0,436.0,0.0,10.0,1.0,35.0,35.0
28,shay,11182016_K4,K4,2016-11-18 00:00:00,1.0,1.0,1.0,1000.0,1000.0,1.0,0.0,1.0,0.0,10.0,1.0,35.0,35.0
29,shay,11212016_K4,K4,2016-11-21 00:00:00,1.0,1.0,1.0,1000.0,1000.0,2.0,0.0,2.0,0.0,10.0,1.0,35.0,35.0
30,shay,11222016_K4,K4,2016-11-22 00:00:00,1.0,1.0,1.0,1000.0,1000.0,2.0,0.0,2.0,0.0,10.0,1.0,35.0,35.0
31,shay,11292016_K4,K4,2016-11-29 00:00:00,1.0,1.0,1.0,1000.0,1000.0,5.0,0.0,5.0,0.0,10.0,1.0,45.0,45.0
32,shay,12022016_K4,K4,2016-12-02 00:00:00,1.0,1.0,1.0,1000.0,1000.0,37.0,0.0,37.0,0.0,15.0,1.0,50.0,50.0
33,shay,12052016_K4,K4,2016-12-05 00:00:00,1.0,1.0,1.0,1000.0,1000.0,153.0,0.0,153.0,0.0,15.0,1.0,35.0,35.0
34,shay,12062016_K4,K4,2016-12-06 00:00:00,1.0,0.0,0.0,30.0,30.0,54.0,1.0,30.0,0.0,5.0,1.0,35.0,35.0
35,shay,12072016_K4,K4,2016-12-07 00:00:00,2.0,0.0,1.0,30.0,30.0,92.0,1.0,45.0,0.49,5.0,1.0,35.0,35.0
36,shay,12082016_K4,K4,2016-12-08 00:00:00,2.0,0.0,1.0,30.0,30.0,12.0,0.0,3.0,0.25,5.0,1.0,35.0,35.0
37,shay,12092016_K4,K4,2016-12-09 00:00:00,2.0,0.0,1.0,30.0,30.0,60.0,1.0,33.0,0.55,5.0,1.0,35.0,35.0
38,shay,12122016_K4,K4,2016-12-12 00:00:00,2.0,0.0,1.0,30.0,30.0,74.0,1.0,39.0,0.53,5.0,1.0,40.0,40.0
39,shay,12132016_K4,K4,2016-12-13 00:00:00,2.0,0.0,1.0,30.0,30.0,44.0,0.0,17.0,0.39,5.0,1.0,35.0,35.0
40,shay,12152016_K4,K4,2016-12-15 00:00:00,2.0,1.0,0.0,30.0,30.0,111.0,2.0,64.0,0.58,5.0,1.0,35.0,35.0
41,shay,12162016_K4,K4,2016-12-16 00:00:00,2.0,0.0,1.0,30.0,30.0,140.0,2.0,67.0,0.48,2.0,1.0,35.0,35.0
42,shay,09142016_q43,q43,2016-09-14 00:00:00,1.0,0.9,0.9,500.0,500.0,3.0,0.0,1.0,0.0,10.0,1.0,30.0,35.0
43,shay,09192016_q43,q43,2016-09-19 00:00:00,1.0,1.0,1.0,500.0,500.0,50.0,0.0,50.0,0.0,10.0,1.0,35.0,35.0
44,shay,09202016_q43,q43,2016-09-20 00:00:00,1.0,0.9,0.9,500.0,500.0,126.0,0.0,111.0,0.0,5.0,1.0,35.0,30.0
45,shay,09212016_q43,q43,2016-09-21 00:00:00,2.0,0.9,0.1,50.0,50.0,176.0,1.0,70.0,0.39,3.0,1.0,35.0,35.0
46,shay,09222016_q43,q43,2016-09-22 00:00:00,2.0,1.0,0.0,50.0,50.0,241.0,2.0,125.0,0.52,3.0,1.0,35.0,35.0
47,shay,09232016_q43,q43,2016-09-23 00:00:00,2.0,1.0,0.0,50.0,50.0,164.0,1.0,50.0,0.0,3.0,1.0,35.0,35.0
48,shay,09262016_q43,q43,2016-09-26 00:00:00,2.0,0.9,0.1,50.0,50.0,311.0,3.0,191.0,0.65,3.0,1.0,35.0,35.0
49,shay,09272016_q43,q43,2016-09-27 00:00:00,2.0,0.0,1.0,50.0,50.0,474.0,7.0,374.0,0.79,3.0,1.0,35.0,35.0
50,shay,09282016_q43,q43,2016-09-28 00:00:00,2.0,0.0,1.0,50.0,50.0,471.0,7.0,359.0,0.76,3.0,1.0,35.0,35.0
51,shay,09292016_q43,q43,2016-09-29 00:00:00,2.0,0.1,0.9,50.0,50.0,548.0,7.0,397.0,0.78,2.0,1.0,35.0,35.0
52,shay,09302016_q43,q43,2016-09-30 00:00:00,2.0,0.1,0.9,50.0,50.0,480.0,6.0,343.0,0.76,2.0,1.0,35.0,40.0
53,shay,10042016_q43,q43,2016-10-04 00:00:00,2.0,0.1,0.9,50.0,50.0,462.0,6.0,330.0,0.77,2.0,1.0,35.0,35.0
54,shay,10052016_q43,q43,2016-10-05 00:00:00,2.0,0.9,0.1,50.0,50.0,527.0,7.0,394.0,0.84,2.0,1.0,35.0,35.0
55,shay,10062016_q43,q43,2016-10-06 00:00:00,2.0,0.9,0.1,50.0,50.0,525.0,7.0,389.0,0.8,2.0,1.0,35.0,35.0
56,shay,10112016_q43,q43,2016-10-11 00:00:00,2.0,0.1,0.9,50.0,50.0,565.0,8.0,425.0,0.82,2.0,1.0,35.0,35.0
57,shay,10122016_q43,q43,2016-10-12 00:00:00,2.0,0.1,0.9,50.0,50.0,468.0,6.0,330.0,0.77,2.0,1.0,35.0,35.0
58,shay,10132016_q43,q43,2016-10-13 00:00:00,2.0,0.2,0.8,50.0,50.0,559.0,7.0,370.0,0.79,2.0,1.0,35.0,35.0
59,shay,10142016_q43,q43,2016-10-14 00:00:00,2.0,0.8,0.2,50.0,50.0,651.0,8.0,411.0,0.74,2.0,1.0,35.0,35.0
60,shay,10172016_q43,q43,2016-10-17 00:00:00,2.0,0.9,0.1,10.0,50.0,580.0,16.0,433.0,0.8,2.0,1.0,35.0,35.0
61,shay,10182016_q43,q43,2016-10-18 00:00:00,2.0,0.1,0.9,10.0,50.0,551.0,15.0,404.0,0.81,2.0,1.0,35.0,35.0
62,shay,10192016_q43,q43,2016-10-19 00:00:00,2.0,0.8,0.2,40.0,60.0,433.0,5.0,303.0,0.81,2.0,1.0,45.0,40.0
63,shay,10202016_q43,q43,2016-10-20 00:00:00,2.0,0.2,0.8,50.0,50.0,599.0,8.0,402.0,0.78,2.0,1.0,35.0,35.0
64,shay,10212016_q43,q43,2016-10-21 00:00:00,2.0,0.8,0.2,50.0,50.0,636.0,8.0,438.0,0.81,2.0,1.0,35.0,35.0
65,shay,10312016_q43,q43,2016-10-31 00:00:00,2.0,0.0,1.0,50.0,50.0,387.0,6.0,349.0,0.9,2.0,1.0,45.0,40.0
66,shay,11012016_q43,q43,2016-11-01 00:00:00,2.0,0.8,0.2,50.0,50.0,616.0,8.0,409.0,0.78,2.0,1.0,35.0,35.0
67,shay,11022016_q43,q43,2016-11-02 00:00:00,2.0,0.2,0.8,50.0,50.0,628.0,9.0,462.0,0.83,2.0,1.0,35.0,35.0
68,shay,11032016_q43,q43,2016-11-03 00:00:00,2.0,0.8,0.2,50.0,50.0,635.0,8.0,424.0,0.77,2.0,1.0,35.0,35.0
69,shay,11042016_q43,q43,2016-11-04 00:00:00,2.0,0.8,0.2,50.0,50.0,613.0,8.0,414.0,0.8,2.0,1.0,35.0,35.0
70,shay,11072016_q43,q43,2016-11-07 00:00:00,2.0,0.2,0.8,50.0,50.0,679.0,9.0,452.0,0.82,2.0,1.0,35.0,35.0
71,shay,11082016_q43,q43,2016-11-08 00:00:00,2.0,0.8,0.2,50.0,50.0,588.0,8.0,402.0,0.8,2.0,1.0,35.0,35.0
72,shay,11092016_q43,q43,2016-11-09 00:00:00,2.0,0.2,0.8,50.0,50.0,574.0,8.0,406.0,0.85,2.0,1.0,35.0,35.0
73,shay,11102016_q43,q43,2016-11-10 00:00:00,2.0,0.7,0.3,50.0,50.0,506.0,6.0,306.0,0.72,2.0,1.0,35.0,35.0
74,shay,11112016_q43,q43,2016-11-11 00:00:00,2.0,0.9,0.1,40.0,60.0,614.0,8.0,455.0,0.86,2.0,1.0,35.0,35.0
75,shay,11142016_q43,q43,2016-11-14 00:00:00,2.0,0.1,0.9,50.0,50.0,578.0,9.0,460.0,0.87,2.0,1.0,35.0,35.0
76,shay,11152016_q43,q43,2016-11-15 00:00:00,2.0,0.1,0.9,50.0,50.0,486.0,8.0,400.0,0.9,2.0,1.0,35.0,35.0
77,shay,11162016_q43,q43,2016-11-16 00:00:00,1.0,1.0,1.0,1000.0,1000.0,436.0,0.0,436.0,0.0,10.0,1.0,35.0,35.0
78,shay,11172016_q43,q43,2016-11-17 00:00:00,2.0,0.2,0.8,30.0,40.0,500.0,9.0,321.0,0.74,5.0,1.0,35.0,35.0
79,shay,11182016_q43,q43,2016-11-18 00:00:00,2.0,0.8,0.2,20.0,40.0,711.0,14.0,392.0,0.6,2.0,1.0,35.0,35.0
80,shay,11212016_q43,q43,2016-11-21 00:00:00,2.0,0.2,0.8,50.0,50.0,596.0,8.0,424.0,0.84,2.0,1.0,35.0,35.0
81,shay,11222016_q43,q43,2016-11-22 00:00:00,2.0,0.2,0.8,20.0,40.0,635.0,13.0,407.0,0.75,2.0,1.0,35.0,35.0
82,shay,11292016_q43,q43,2016-11-29 00:00:00,2.0,0.1,0.9,50.0,50.0,498.0,8.0,402.0,0.91,2.0,1.0,35.0,35.0
83,shay,11302016_q43,q43,2016-11-30 00:00:00,2.0,0.2,0.8,10.0,40.0,614.0,15.0,404.0,0.76,2.0,1.0,35.0,35.0
84,shay,12012016_q43,q43,2016-12-01 00:00:00,2.0,0.8,0.2,50.0,50.0,566.0,8.0,419.0,0.87,2.0,1.0,35.0,35.0
85,shay,12022016_q43,q43,2016-12-02 00:00:00,2.0,0.8,0.2,10.0,40.0,596.0,15.0,422.0,0.83,2.0,1.0,35.0,35.0
86,shay,12052016_q43,q43,2016-12-05 00:00:00,2.0,0.8,0.2,10.0,40.0,687.0,17.0,473.0,0.81,2.0,1.0,35.0,35.0
87,shay,12062016_q43,q43,2016-12-06 00:00:00,2.0,0.2,0.8,10.0,40.0,668.0,18.0,457.0,0.8,2.0,1.0,35.0,35.0
88,shay,12072016_q43,q43,2016-12-07 00:00:00,2.0,0.7,0.3,10.0,40.0,725.0,18.0,462.0,0.76,2.0,1.0,35.0,35.0
89,shay,12082016_q43,q43,2016-12-08 00:00:00,2.0,0.3,0.7,10.0,40.0,766.0,20.0,433.0,0.71,2.0,1.0,35.0,35.0
90,shay,12092016_q43,q43,2016-12-09 00:00:00,2.0,0.3,0.7,10.0,40.0,732.0,17.0,400.0,0.68,2.0,1.0,35.0,35.0
91,shay,12122016_q43,q43,2016-12-12 00:00:00,2.0,0.3,0.7,10.0,40.0,788.0,20.0,467.0,0.71,2.0,1.0,35.0,35.0
92,shay,12132016_q43,q43,2016-12-13 00:00:00,2.0,0.3,0.7,10.0,40.0,738.0,16.0,419.0,0.71,2.0,1.0,35.0,35.0
93,shay,12152016_q43,q43,2016-12-15 00:00:00,2.0,0.3,0.7,10.0,40.0,384.0,8.0,229.0,0.66,2.0,1.0,35.0,35.0
94,shay,12162016_q43,q43,2016-12-16 00:00:00,2.0,0.3,0.7,10.0,40.0,559.0,13.0,321.0,0.65,2.0,1.0,35.0,35.0
95,shay,10132016_q45,q45,2016-10-13 00:00:00,1.0,1.0,1.0,1000.0,1000.0,15.0,0.0,15.0,0.0,10.0,0.5,35.0,35.0
96,shay,10142016_q45,q45,2016-10-14 00:00:00,1.0,1.0,1.0,1000.0,1000.0,121.0,0.0,121.0,0.0,10.0,0.5,35.0,35.0
97,shay,10172016_q45,q45,2016-10-17 00:00:00,2.0,1.0,0.0,50.0,50.0,89.0,0.0,46.0,0.52,3.0,1.0,35.0,35.0
98,shay,10182016_q45,q45,2016-10-18 00:00:00,2.0,0.0,1.0,50.0,50.0,116.0,0.0,39.0,0.34,3.0,1.0,35.0,35.0
99,shay,10192016_q45,q45,2016-10-19 00:00:00,2.0,1.0,0.0,50.0,50.0,91.0,1.0,54.0,0.59,3.0,1.0,35.0,35.0
100,shay,10202016_q45,q45,2016-10-20 00:00:00,2.0,1.0,0.0,30.0,30.0,46.0,1.0,31.0,0.67,3.0,1.0,35.0,35.0
101,shay,10212016_q45,q45,2016-10-21 00:00:00,2.0,0.0,1.0,30.0,30.0,72.0,1.0,30.0,0.42,2.0,1.0,35.0,35.0
102,shay,10312016_q45,q45,2016-10-31 00:00:00,2.0,0.0,1.0,50.0,50.0,22.0,0.0,0.0,0.0,2.0,1.0,35.0,35.0
103,shay,11012016_q45,q45,2016-11-01 00:00:00,1.0,1.0,1.0,1000.0,1000.0,97.0,0.0,97.0,0.0,2.0,1.0,35.0,35.0
104,shay,11022016_q45,q45,2016-11-02 00:00:00,2.0,0.0,1.0,50.0,50.0,174.0,2.0,103.0,0.59,2.0,1.0,35.0,50.0
105,shay,11032016_q45,q45,2016-11-03 00:00:00,2.0,1.0,0.0,50.0,50.0,204.0,3.0,150.0,0.74,2.0,1.0,35.0,35.0
106,shay,11042016_q45,q45,2016-11-04 00:00:00,2.0,0.0,1.0,50.0,50.0,294.0,4.0,249.0,0.85,2.0,1.0,35.0,35.0
107,shay,11072016_q45,q45,2016-11-07 00:00:00,2.0,0.2,0.8,50.0,50.0,277.0,3.0,173.0,0.75,2.0,1.0,35.0,35.0
108,shay,11082016_q45,q45,2016-11-08 00:00:00,2.0,0.2,0.8,50.0,50.0,476.0,6.0,320.0,0.81,2.0,1.0,35.0,35.0
109,shay,11092016_q45,q45,2016-11-09 00:00:00,2.0,0.2,0.8,50.0,50.0,547.0,6.0,322.0,0.7,2.0,1.0,35.0,35.0
110,shay,11102016_q45,q45,2016-11-10 00:00:00,2.0,0.7,0.3,50.0,50.0,314.0,3.0,184.0,0.75,2.0,1.0,35.0,35.0
111,shay,11112016_q45,q45,2016-11-11 00:00:00,2.0,0.9,0.1,50.0,50.0,446.0,6.0,346.0,0.83,2.0,1.0,35.0,35.0
112,shay,11142016_q45,q45,2016-11-14 00:00:00,2.0,0.1,0.9,50.0,50.0,489.0,7.0,351.0,0.76,2.0,1.0,35.0,35.0
113,shay,11152016_q45,q45,2016-11-15 00:00:00,2.0,0.1,0.9,50.0,50.0,473.0,6.0,341.0,0.78,2.0,1.0,35.0,35.0
114,shay,11162016_q45,q45,2016-11-16 00:00:00,2.0,0.9,0.1,50.0,50.0,280.0,4.0,219.0,0.81,2.0,1.0,35.0,35.0
115,shay,11172016_q45,q45,2016-11-17 00:00:00,2.0,0.8,0.2,30.0,40.0,347.0,6.0,217.0,0.69,5.0,1.0,35.0,35.0
116,shay,11182016_q45,q45,2016-11-18 00:00:00,2.0,0.8,0.2,20.0,40.0,313.0,6.0,212.0,0.79,2.0,1.0,35.0,35.0
117,shay,11212016_q45,q45,2016-11-21 00:00:00,2.0,0.8,0.2,50.0,50.0,535.0,7.0,364.0,0.81,2.0,1.0,35.0,35.0
118,shay,11222016_q45,q45,2016-11-22 00:00:00,2.0,0.8,0.2,20.0,40.0,385.0,8.0,246.0,0.74,2.0,1.0,35.0,35.0
119,shay,11292016_q45,q45,2016-11-29 00:00:00,2.0,0.9,0.1,50.0,50.0,495.0,7.0,376.0,0.84,2.0,1.0,35.0,35.0
120,shay,11302016_q45,q45,2016-11-30 00:00:00,2.0,0.2,0.8,10.0,40.0,628.0,13.0,393.0,0.72,2.0,1.0,35.0,35.0
121,shay,12012016_q45,q45,2016-12-01 00:00:00,2.0,0.8,0.2,10.0,40.0,603.0,15.0,360.0,0.69,2.0,1.0,35.0,35.0
122,shay,12022016_q45,q45,2016-12-02 00:00:00,2.0,0.8,0.2,10.0,40.0,537.0,14.0,319.0,0.74,2.0,1.0,35.0,35.0
123,shay,12052016_q45,q45,2016-12-05 00:00:00,2.0,0.8,0.2,10.0,40.0,513.0,13.0,334.0,0.75,2.0,1.0,35.0,35.0
124,shay,12062016_q45,q45,2016-12-06 00:00:00,2.0,0.2,0.8,10.0,40.0,626.0,12.0,391.0,0.71,2.0,1.0,35.0,35.0
125,shay,12072016_q45,q45,2016-12-07 00:00:00,2.0,0.7,0.3,10.0,40.0,450.0,10.0,269.0,0.69,2.0,1.0,35.0,35.0
126,shay,12082016_q45,q45,2016-12-08 00:00:00,2.0,0.7,0.3,10.0,40.0,596.0,13.0,324.0,0.66,2.0,1.0,35.0,35.0
127,shay,12092016_q45,q45,2016-12-09 00:00:00,2.0,0.3,0.7,10.0,40.0,608.0,13.0,344.0,0.71,2.0,1.0,35.0,35.0
128,shay,12122016_q45,q45,2016-12-12 00:00:00,2.0,0.3,0.7,10.0,40.0,655.0,14.0,357.0,0.6,2.0,1.0,35.0,35.0
129,shay,12132016_q45,q45,2016-12-13 00:00:00,2.0,0.7,0.3,10.0,40.0,475.0,9.0,242.0,0.59,2.0,1.0,35.0,35.0
130,shay,12152016_q45,q45,2016-12-15 00:00:00,2.0,0.3,0.7,10.0,40.0,462.0,9.0,246.0,0.68,2.0,1.0,35.0,35.0
131,shay,12162016_q45,q45,2016-12-16 00:00:00,2.0,0.7,0.3,10.0,40.0,295.0,7.0,179.0,0.71,2.0,1.0,35.0,35.0
132,shay,09082016_q40,q40,2016-09-08 00:00:00,1.0,1.0,1.0,100.0,100.0,10.0,0.0,10.0,0.0,10.0,1.0,30.0,35.0
133,shay,09092016_q40,q40,2016-09-09 00:00:00,1.0,0.8,0.8,100.0,100.0,30.0,0.0,26.0,0.0,10.0,1.0,30.0,35.0
134,shay,09122016_q40,q40,2016-09-12 00:00:00,1.0,1.0,1.0,500.0,500.0,73.0,0.0,73.0,0.0,10.0,1.0,35.0,30.0
135,shay,09132016_q40,q40,2016-09-13 00:00:00,1.0,0.0,0.0,50.0,50.0,90.0,1.0,50.0,0.0,5.0,1.0,35.0,30.0
136,shay,09142016_q40,q40,2016-09-14 00:00:00,2.0,0.9,0.0,50.0,50.0,99.0,0.0,46.0,0.54,3.0,1.0,35.0,35.0
137,shay,09152016_q40,q40,2016-09-15 00:00:00,2.0,0.1,0.9,50.0,50.0,94.0,0.0,39.0,0.43,3.0,1.0,35.0,35.0
138,shay,09162016_q40,q40,2016-09-16 00:00:00,2.0,0.1,0.9,50.0,50.0,157.0,1.0,67.0,0.36,3.0,1.0,35.0,35.0
139,shay,09192016_q40,q40,2016-09-19 00:00:00,2.0,0.9,0.0,50.0,50.0,81.0,0.0,29.0,0.41,3.0,1.0,35.0,35.0
140,shay,09202016_q40,q40,2016-09-20 00:00:00,2.0,0.1,0.9,50.0,50.0,143.0,1.0,71.0,0.49,3.0,1.0,35.0,35.0
141,shay,09212016_q40,q40,2016-09-21 00:00:00,2.0,0.9,0.1,50.0,50.0,215.0,2.0,121.0,0.53,2.0,1.0,45.0,40.0
142,shay,09222016_q40,q40,2016-09-22 00:00:00,2.0,1.0,0.0,50.0,50.0,141.0,1.0,68.0,0.48,3.0,1.0,35.0,35.0
143,shay,09232016_q40,q40,2016-09-23 00:00:00,2.0,0.0,1.0,50.0,50.0,151.0,1.0,76.0,0.5,3.0,1.0,35.0,35.0
144,shay,09262016_q40,q40,2016-09-26 00:00:00,2.0,0.1,0.9,50.0,50.0,283.0,3.0,192.0,0.67,3.0,1.0,35.0,35.0
145,shay,09272016_q40,q40,2016-09-27 00:00:00,2.0,1.0,0.0,50.0,50.0,253.0,3.0,174.0,0.69,3.0,1.0,35.0,35.0
146,shay,09282016_q40,q40,2016-09-28 00:00:00,2.0,0.0,1.0,50.0,50.0,403.0,6.0,324.0,0.8,3.0,1.0,35.0,35.0
147,shay,09292016_q40,q40,2016-09-29 00:00:00,2.0,0.9,0.1,50.0,50.0,459.0,6.0,333.0,0.8,2.0,1.0,35.0,35.0
148,shay,09302016_q40,q40,2016-09-30 00:00:00,2.0,0.9,0.1,50.0,50.0,449.0,6.0,345.0,0.83,2.0,1.0,35.0,35.0
149,shay,10042016_q40,q40,2016-10-04 00:00:00,2.0,0.1,0.9,50.0,50.0,442.0,7.0,353.0,0.86,2.0,1.0,35.0,35.0
150,shay,10052016_q40,q40,2016-10-05 00:00:00,2.0,0.1,0.9,50.0,50.0,464.0,7.0,364.0,0.86,2.0,1.0,35.0,35.0
151,shay,10062016_q40,q40,2016-10-06 00:00:00,2.0,0.9,0.1,50.0,50.0,429.0,6.0,332.0,0.85,2.0,1.0,35.0,35.0
152,shay,10112016_q40,q40,2016-10-11 00:00:00,2.0,0.9,0.1,50.0,50.0,507.0,8.0,406.0,0.85,2.0,1.0,35.0,35.0
153,shay,10122016_q40,q40,2016-10-12 00:00:00,2.0,0.1,0.9,50.0,50.0,460.0,7.0,360.0,0.86,2.0,1.0,35.0,35.0
154,shay,10132016_q40,q40,2016-10-13 00:00:00,2.0,0.2,0.8,50.0,50.0,541.0,6.0,344.0,0.79,2.0,1.0,35.0,35.0
155,shay,10142016_q40,q40,2016-10-14 00:00:00,2.0,0.8,0.2,50.0,50.0,656.0,9.0,467.0,0.81,2.0,1.0,35.0,35.0
156,shay,10172016_q40,q40,2016-10-17 00:00:00,2.0,0.1,0.9,10.0,50.0,588.0,13.0,425.0,0.8,2.0,1.0,35.0,35.0
157,shay,10182016_q40,q40,2016-10-18 00:00:00,2.0,0.9,0.1,10.0,50.0,577.0,14.0,426.0,0.79,2.0,1.0,35.0,35.0
158,shay,10192016_q40,q40,2016-10-19 00:00:00,2.0,0.8,0.2,50.0,50.0,229.0,3.0,163.0,0.82,2.0,1.0,35.0,35.0
159,shay,07222016_dumble,dumble,2016-07-22 00:00:00,2.0,0.8,0.2,50.0,50.0,548.0,7.0,386.0,0.83,2.0,1.0,45.0,40.0
160,shay,07222016_harry,harry,2016-07-22 00:00:00,2.0,0.8,0.2,50.0,50.0,589.0,7.0,398.0,0.81,2.0,1.0,45.0,40.0
161,shay,07222016_quirrel,quirrel,2016-07-22 00:00:00,2.0,0.8,0.2,50.0,50.0,582.0,7.0,370.0,0.78,2.0,1.0,45.0,40.0
162,shay,07222016_sprout,sprout,2016-07-22 00:00:00,2.0,0.2,0.8,50.0,50.0,790.0,10.0,529.0,0.79,2.0,1.0,45.0,40.0
163,shay,07222016_tom,tom,2016-07-22 00:00:00,2.0,0.8,0.2,50.0,50.0,562.0,7.0,387.0,0.79,2.0,1.0,45.0,40.0
164,shay,07222016_tonks,tonks,2016-07-22 00:00:00,2.0,0.2,0.8,50.0,50.0,592.0,8.0,402.0,0.78,2.0,1.0,45.0,40.0
165,shay,07222016_volde,volde,2016-07-22 00:00:00,2.0,0.8,0.2,50.0,50.0,426.0,5.0,270.0,0.77,2.0,1.0,45.0,40.0
166,shay,07252016_dumble,dumble,2016-07-25 00:00:00,2.0,0.8,0.2,50.0,50.0,579.0,7.0,392.0,0.83,2.0,1.0,45.0,40.0
167,shay,07252016_harry,harry,2016-07-25 00:00:00,2.0,0.2,0.8,50.0,50.0,579.0,8.0,419.0,0.88,2.0,1.0,45.0,40.0
168,shay,07252016_quirrel,quirrel,2016-07-25 00:00:00,2.0,0.7,0.3,50.0,50.0,632.0,7.0,375.0,0.82,2.0,1.0,45.0,40.0
169,shay,07252016_sprout,sprout,2016-07-25 00:00:00,2.0,0.3,0.7,50.0,50.0,710.0,8.0,429.0,0.71,2.0,1.0,45.0,40.0
170,shay,07252016_tom,tom,2016-07-25 00:00:00,2.0,0.8,0.2,50.0,50.0,261.0,3.0,174.0,0.76,2.0,1.0,45.0,40.0
171,shay,07252016_tonks,tonks,2016-07-25 00:00:00,2.0,0.2,0.8,50.0,50.0,575.0,8.0,415.0,0.82,2.0,1.0,45.0,40.0
172,shay,07252016_volde,volde,2016-07-25 00:00:00,2.0,0.2,0.8,50.0,50.0,60.0,0.0,30.0,0.57,2.0,1.0,45.0,40.0
173,shay,07262016_harry,harry,2016-07-26 00:00:00,2.0,0.2,0.8,50.0,50.0,569.0,8.0,411.0,0.83,2.0,1.0,45.0,40.0
174,shay,07262016_quirrel,quirrel,2016-07-26 00:00:00,2.0,0.8,0.2,50.0,50.0,560.0,7.0,389.0,0.82,2.0,1.0,45.0,40.0
175,shay,07262016_sprout,sprout,2016-07-26 00:00:00,2.0,0.7,0.3,50.0,50.0,597.0,7.0,361.0,0.75,2.0,1.0,45.0,40.0
176,shay,07262016_tom,tom,2016-07-26 00:00:00,2.0,0.3,0.7,50.0,50.0,598.0,6.0,347.0,0.75,2.0,1.0,45.0,40.0
177,shay,07262016_tonks,tonks,2016-07-26 00:00:00,2.0,0.7,0.3,50.0,50.0,612.0,7.0,353.0,0.77,2.0,1.0,45.0,40.0
178,shay,07262016_volde,volde,2016-07-26 00:00:00,2.0,0.7,0.3,50.0,50.0,424.0,4.0,250.0,0.74,2.0,1.0,45.0,40.0
179,shay,07272016_dumble,dumble,2016-07-27 00:00:00,2.0,0.3,0.7,50.0,50.0,343.0,4.0,207.0,0.8,2.0,1.0,40.0,40.0
180,shay,07272016_harry,harry,2016-07-27 00:00:00,2.0,0.3,0.7,50.0,50.0,537.0,6.0,329.0,0.75,2.0,1.0,45.0,40.0
181,shay,07272016_quirrel,quirrel,2016-07-27 00:00:00,2.0,0.7,0.3,50.0,50.0,441.0,5.0,281.0,0.78,2.0,1.0,45.0,40.0
182,shay,07272016_sprout,sprout,2016-07-27 00:00:00,2.0,0.7,0.3,50.0,50.0,392.0,5.0,262.0,0.74,2.0,1.0,45.0,40.0
183,shay,07272016_tom,tom,2016-07-27 00:00:00,2.0,0.7,0.3,50.0,50.0,480.0,5.0,292.0,0.86,2.0,1.0,45.0,40.0
184,shay,07272016_tonks,tonks,2016-07-27 00:00:00,2.0,0.7,0.3,50.0,50.0,440.0,5.0,254.0,0.68,2.0,1.0,45.0,40.0
185,shay,07272016_volde,volde,2016-07-27 00:00:00,2.0,0.7,0.3,50.0,50.0,416.0,5.0,253.0,0.71,2.0,1.0,45.0,40.0
186,shay,07282016_dumble,dumble,2016-07-28 00:00:00,2.0,,0.7,50.0,50.0,539.0,4.0,229.0,0.0,2.0,1.0,45.0,40.0
187,shay,07282016_harry,harry,2016-07-28 00:00:00,2.0,0.3,0.7,50.0,50.0,643.0,8.0,412.0,0.81,2.0,1.0,45.0,40.0
188,shay,07282016_quirrel,quirrel,2016-07-28 00:00:00,2.0,0.7,0.3,50.0,50.0,649.0,7.0,374.0,0.8,2.0,1.0,45.0,40.0
189,shay,07282016_sprout,sprout,2016-07-28 00:00:00,2.0,0.7,0.3,50.0,50.0,601.0,7.0,362.0,0.78,2.0,1.0,45.0,40.0
190,shay,07282016_tom,tom,2016-07-28 00:00:00,2.0,0.3,0.7,50.0,50.0,640.0,8.0,404.0,0.75,2.0,1.0,45.0,40.0
191,shay,07282016_tonks,tonks,2016-07-28 00:00:00,2.0,0.7,0.3,50.0,50.0,724.0,9.0,451.0,0.8,2.0,1.0,45.0,40.0
192,shay,07282016_volde,volde,2016-07-28 00:00:00,2.0,0.3,0.7,50.0,50.0,571.0,6.0,346.0,0.74,2.0,1.0,40.0,40.0
193,shay,07292016_dumble,dumble,2016-07-29 00:00:00,2.0,0.1,0.9,50.0,50.0,485.0,8.0,400.0,0.9,2.0,1.0,45.0,40.0
194,shay,07292016_harry,harry,2016-07-29 00:00:00,2.0,0.9,0.1,50.0,50.0,574.0,9.0,469.0,0.88,2.0,1.0,45.0,40.0
195,shay,07292016_quirrel,quirrel,2016-07-29 00:00:00,2.0,0.9,0.1,50.0,50.0,464.0,7.0,364.0,0.88,2.0,1.0,45.0,40.0
196,shay,07292016_sprout,sprout,2016-07-29 00:00:00,2.0,0.1,0.9,50.0,50.0,502.0,8.0,405.0,0.88,2.0,1.0,40.0,40.0
197,shay,07292016_tom,tom,2016-07-29 00:00:00,2.0,0.1,0.9,50.0,50.0,661.0,10.0,499.0,0.84,2.0,1.0,40.0,40.0
198,shay,07292016_tonks,tonks,2016-07-29 00:00:00,2.0,0.1,0.9,50.0,50.0,520.0,8.0,402.0,0.85,2.0,1.0,45.0,40.0
199,shay,07292016_volde,volde,2016-07-29 00:00:00,2.0,0.1,0.9,50.0,50.0,508.0,8.0,400.0,0.89,2.0,1.0,40.0,40.0
200,shay,08012016_dumble,dumble,2016-08-01 00:00:00,2.0,1.0,0.0,50.0,50.0,466.0,8.0,410.0,0.88,2.0,1.0,45.0,40.0
201,shay,08012016_harry,harry,2016-08-01 00:00:00,2.0,1.0,0.0,50.0,50.0,448.0,8.0,422.0,0.94,2.0,1.0,45.0,40.0
202,shay,08012016_quirrel,quirrel,2016-08-01 00:00:00,2.0,1.0,0.0,50.0,50.0,438.0,8.0,400.0,0.91,2.0,1.0,45.0,40.0
203,shay,08012016_sprout,sprout,2016-08-01 00:00:00,2.0,1.0,0.0,50.0,50.0,473.0,8.0,405.0,0.86,2.0,1.0,40.0,40.0
204,shay,08012016_tom,tom,2016-08-01 00:00:00,2.0,1.0,0.0,50.0,50.0,477.0,8.0,425.0,0.89,2.0,1.0,40.0,40.0
205,shay,08012016_tonks,tonks,2016-08-01 00:00:00,2.0,1.0,0.0,50.0,50.0,451.0,8.0,404.0,0.9,2.0,1.0,40.0,40.0
206,shay,08012016_volde,volde,2016-08-01 00:00:00,2.0,0.0,1.0,50.0,50.0,505.0,9.0,455.0,0.9,2.0,1.0,40.0,40.0
207,shay,08022016_dumble,dumble,2016-08-02 00:00:00,2.0,0.8,0.5,50.0,50.0,642.0,0.0,347.0,0.66,2.0,1.0,45.0,40.0
208,shay,08022016_harry,harry,2016-08-02 00:00:00,2.0,0.8,0.5,50.0,50.0,624.0,0.0,317.0,0.66,2.0,1.0,45.0,40.0
209,shay,08022016_quirrel,quirrel,2016-08-02 00:00:00,2.0,0.2,0.5,50.0,50.0,648.0,0.0,369.0,0.69,2.0,1.0,45.0,40.0
210,shay,08022016_sprout,sprout,2016-08-02 00:00:00,2.0,0.2,0.5,50.0,50.0,617.0,0.0,357.0,0.76,2.0,1.0,35.0,40.0
211,shay,08022016_tom,tom,2016-08-02 00:00:00,2.0,0.2,0.5,50.0,50.0,587.0,0.0,284.0,0.67,2.0,1.0,35.0,40.0
212,shay,08022016_tonks,tonks,2016-08-02 00:00:00,2.0,0.2,0.5,50.0,50.0,747.0,0.0,384.0,0.65,2.0,1.0,35.0,40.0
213,shay,08022016_volde,volde,2016-08-02 00:00:00,2.0,0.2,0.5,50.0,50.0,607.0,0.0,360.0,0.77,2.0,1.0,35.0,40.0
214,shay,08032016_dumble,dumble,2016-08-03 00:00:00,2.0,0.8,0.2,40.0,60.0,631.0,4.0,356.0,0.72,2.0,1.0,45.0,40.0
215,shay,08032016_harry,harry,2016-08-03 00:00:00,2.0,0.5,0.2,40.0,60.0,686.0,9.0,466.0,0.87,2.0,1.0,45.0,40.0
216,shay,08032016_quirrel,quirrel,2016-08-03 00:00:00,2.0,0.5,0.8,40.0,60.0,583.0,8.0,393.0,0.77,2.0,1.0,45.0,40.0
217,shay,08032016_sprout,sprout,2016-08-03 00:00:00,2.0,0.7,0.3,40.0,60.0,555.0,6.0,360.0,0.8,2.0,1.0,35.0,40.0
218,shay,08032016_tom,tom,2016-08-03 00:00:00,2.0,0.5,0.8,40.0,60.0,595.0,7.0,430.0,0.92,2.0,1.0,35.0,40.0
219,shay,08032016_tonks,tonks,2016-08-03 00:00:00,2.0,0.5,0.2,40.0,60.0,531.0,7.0,360.0,0.88,2.0,1.0,45.0,40.0
220,shay,08032016_volde,volde,2016-08-03 00:00:00,2.0,0.8,0.2,40.0,60.0,622.0,7.0,402.0,0.84,2.0,1.0,35.0,40.0
221,shay,08042016_dumble,dumble,2016-08-04 00:00:00,2.0,0.8,0.2,40.0,60.0,643.0,7.0,397.0,0.72,2.0,1.0,45.0,40.0
222,shay,08042016_harry,harry,2016-08-04 00:00:00,2.0,0.8,0.2,40.0,60.0,698.0,6.0,434.0,0.87,2.0,1.0,45.0,40.0
223,shay,08042016_quirrel,quirrel,2016-08-04 00:00:00,2.0,0.8,0.2,40.0,60.0,517.0,6.0,378.0,0.87,2.0,1.0,45.0,40.0
224,shay,08042016_sprout,sprout,2016-08-04 00:00:00,2.0,0.0,1.0,40.0,60.0,514.0,5.0,272.0,0.71,2.0,1.0,35.0,40.0
225,shay,08042016_tom,tom,2016-08-04 00:00:00,2.0,0.0,1.0,40.0,60.0,588.0,7.0,386.0,0.82,2.0,1.0,35.0,40.0
226,shay,08042016_tonks,tonks,2016-08-04 00:00:00,2.0,0.7,0.3,40.0,60.0,681.0,8.0,465.0,0.82,2.0,1.0,35.0,40.0
227,shay,08042016_volde,volde,2016-08-04 00:00:00,2.0,0.0,1.0,40.0,60.0,514.0,6.0,340.0,0.89,2.0,1.0,35.0,40.0
228,shay,08052016_dumble,dumble,2016-08-05 00:00:00,2.0,0.4,0.2,40.0,60.0,513.0,4.0,290.0,0.71,2.0,1.0,45.0,40.0
229,shay,08052016_harry,harry,2016-08-05 00:00:00,2.0,0.6,0.9,40.0,60.0,612.0,5.0,363.0,0.77,2.0,1.0,45.0,40.0
230,shay,08052016_quirrel,quirrel,2016-08-05 00:00:00,2.0,0.4,0.2,40.0,60.0,309.0,2.0,193.0,0.77,2.0,1.0,45.0,40.0
231,shay,08052016_sprout,sprout,2016-08-05 00:00:00,2.0,0.4,0.2,40.0,60.0,570.0,6.0,337.0,0.76,2.0,1.0,45.0,40.0
232,shay,08052016_tom,tom,2016-08-05 00:00:00,2.0,0.7,0.4,40.0,60.0,455.0,4.0,270.0,0.75,2.0,1.0,45.0,40.0
233,shay,08052016_tonks,tonks,2016-08-05 00:00:00,2.0,0.4,0.2,40.0,60.0,565.0,5.0,321.0,0.75,2.0,1.0,35.0,40.0
234,shay,08052016_volde,volde,2016-08-05 00:00:00,2.0,0.6,0.9,40.0,60.0,512.0,5.0,266.0,0.55,2.0,1.0,35.0,40.0
235,shay,08082016_dumble,dumble,2016-08-08 00:00:00,2.0,0.7,0.4,40.0,60.0,632.0,7.0,412.0,0.74,2.0,1.0,40.0,40.0
236,shay,08082016_harry,harry,2016-08-08 00:00:00,2.0,0.3,0.8,40.0,60.0,606.0,6.0,382.0,0.78,2.0,1.0,40.0,40.0
237,shay,08082016_quirrel,quirrel,2016-08-08 00:00:00,2.0,0.6,0.9,40.0,60.0,623.0,5.0,351.0,0.63,2.0,1.0,40.0,40.0
238,shay,08082016_sprout,sprout,2016-08-08 00:00:00,2.0,0.4,0.2,40.0,60.0,566.0,5.0,318.0,0.71,2.0,1.0,30.0,40.0
239,shay,08082016_tom,tom,2016-08-08 00:00:00,2.0,0.7,0.8,40.0,60.0,650.0,6.0,372.0,0.67,2.0,1.0,30.0,40.0
240,shay,08082016_tonks,tonks,2016-08-08 00:00:00,2.0,0.7,0.8,40.0,60.0,591.0,6.0,311.0,0.7,2.0,1.0,30.0,40.0
241,shay,08082016_volde,volde,2016-08-08 00:00:00,2.0,0.7,0.8,40.0,60.0,550.0,5.0,353.0,0.69,2.0,1.0,40.0,40.0
242,shay,08092016_dumble,dumble,2016-08-09 00:00:00,2.0,0.4,0.9,40.0,60.0,529.0,5.0,358.0,0.75,2.0,1.0,40.0,40.0
243,shay,08092016_harry,harry,2016-08-09 00:00:00,2.0,0.8,0.4,40.0,60.0,576.0,7.0,368.0,0.62,2.0,1.0,40.0,40.0
244,shay,08092016_quirrel,quirrel,2016-08-09 00:00:00,2.0,0.9,0.7,40.0,60.0,589.0,7.0,378.0,0.82,2.0,1.0,40.0,40.0
245,shay,08092016_sprout,sprout,2016-08-09 00:00:00,2.0,0.7,0.9,40.0,60.0,627.0,7.0,397.0,0.6,2.0,1.0,45.0,45.0
246,shay,08092016_tom,tom,2016-08-09 00:00:00,2.0,0.5,0.3,40.0,60.0,567.0,6.0,390.0,0.81,2.0,1.0,45.0,45.0
247,shay,08092016_tonks,tonks,2016-08-09 00:00:00,2.0,0.5,0.3,40.0,60.0,488.0,5.0,305.0,0.71,2.0,1.0,45.0,45.0
248,shay,08092016_volde,volde,2016-08-09 00:00:00,2.0,0.7,0.9,40.0,60.0,558.0,7.0,392.0,0.76,2.0,1.0,45.0,45.0
249,shay,08102016_dumble,dumble,2016-08-10 00:00:00,2.0,0.9,0.7,40.0,60.0,621.0,7.0,401.0,0.76,2.0,1.0,45.0,40.0
250,shay,08102016_harry,harry,2016-08-10 00:00:00,2.0,0.4,0.9,40.0,60.0,598.0,6.0,402.0,0.83,2.0,1.0,45.0,40.0
251,shay,08102016_quirrel,quirrel,2016-08-10 00:00:00,2.0,0.4,0.9,40.0,60.0,575.0,7.0,394.0,0.78,2.0,1.0,40.0,40.0
252,shay,08102016_sprout,sprout,2016-08-10 00:00:00,2.0,0.9,0.4,40.0,60.0,677.0,7.0,406.0,0.62,2.0,1.0,35.0,40.0
253,shay,08102016_tom,tom,2016-08-10 00:00:00,2.0,0.9,0.4,40.0,60.0,587.0,6.0,400.0,0.79,2.0,1.0,35.0,40.0
254,shay,08102016_tonks,tonks,2016-08-10 00:00:00,2.0,0.7,0.9,40.0,60.0,635.0,7.0,398.0,0.69,2.0,1.0,35.0,40.0
255,shay,08102016_volde,volde,2016-08-10 00:00:00,2.0,0.7,0.9,40.0,60.0,593.0,6.0,408.0,0.7,2.0,1.0,35.0,40.0
256,shay,08112016_dumble,dumble,2016-08-11 00:00:00,2.0,0.7,0.5,80.0,100.0,539.0,3.0,341.0,0.72,2.0,1.0,30.0,25.0
257,shay,08112016_harry,harry,2016-08-11 00:00:00,2.0,0.4,0.5,80.0,100.0,525.0,2.0,355.0,0.72,2.0,1.0,30.0,25.0
258,shay,08112016_quirrel,quirrel,2016-08-11 00:00:00,2.0,0.2,0.9,80.0,100.0,557.0,3.0,386.0,0.72,2.0,1.0,30.0,25.0
259,shay,08112016_sprout,sprout,2016-08-11 00:00:00,2.0,0.2,0.9,80.0,100.0,549.0,2.0,364.0,0.66,2.0,1.0,30.0,30.0
260,shay,08112016_tom,tom,2016-08-11 00:00:00,2.0,0.7,0.5,80.0,100.0,626.0,3.0,445.0,0.85,2.0,1.0,30.0,30.0
261,shay,08112016_tonks,tonks,2016-08-11 00:00:00,2.0,0.3,0.9,80.0,100.0,543.0,4.0,355.0,0.77,2.0,1.0,30.0,30.0
262,shay,08112016_volde,volde,2016-08-11 00:00:00,2.0,0.5,0.4,80.0,100.0,530.0,4.0,347.0,0.82,2.0,1.0,30.0,30.0
263,shay,08122016_dumble,dumble,2016-08-12 00:00:00,2.0,0.3,0.9,80.0,100.0,538.0,4.0,375.0,0.74,2.0,1.0,25.0,25.0
264,shay,08122016_harry,harry,2016-08-12 00:00:00,2.0,0.3,0.9,80.0,100.0,651.0,4.0,398.0,0.66,2.0,1.0,25.0,25.0
265,shay,08122016_quirrel,quirrel,2016-08-12 00:00:00,2.0,0.3,0.9,80.0,100.0,536.0,4.0,365.0,0.7,2.0,1.0,25.0,25.0
266,shay,08122016_sprout,sprout,2016-08-12 00:00:00,2.0,0.9,0.3,80.0,100.0,568.0,4.0,350.0,0.82,2.0,1.0,30.0,30.0
267,shay,08122016_tom,tom,2016-08-12 00:00:00,2.0,0.9,0.3,80.0,100.0,583.0,4.0,400.0,0.69,2.0,1.0,30.0,30.0
268,shay,08122016_tonks,tonks,2016-08-12 00:00:00,2.0,0.9,0.3,80.0,100.0,602.0,4.0,404.0,0.74,2.0,1.0,30.0,30.0
269,shay,08122016_volde,volde,2016-08-12 00:00:00,2.0,0.9,0.3,80.0,100.0,545.0,4.0,358.0,0.69,2.0,1.0,30.0,30.0
270,shay,08152016_dumble,dumble,2016-08-15 00:00:00,2.0,0.9,0.8,80.0,100.0,763.0,4.0,416.0,0.6,2.0,1.0,25.0,25.0
271,shay,08152016_harry,harry,2016-08-15 00:00:00,2.0,0.9,0.8,80.0,100.0,710.0,4.0,370.0,0.57,2.0,1.0,25.0,25.0
272,shay,08152016_quirrel,quirrel,2016-08-15 00:00:00,2.0,0.9,0.8,80.0,100.0,627.0,4.0,364.0,0.62,2.0,1.0,25.0,25.0
273,shay,08152016_sprout,sprout,2016-08-15 00:00:00,1.0,0.7,0.7,80.0,100.0,750.0,4.0,376.0,0.49,2.0,1.0,25.0,30.0
274,shay,08152016_tom,tom,2016-08-15 00:00:00,1.0,0.7,0.7,80.0,100.0,817.0,4.0,395.0,0.46,2.0,1.0,25.0,30.0
275,shay,08152016_tonks,tonks,2016-08-15 00:00:00,1.0,0.7,0.7,80.0,100.0,725.0,4.0,366.0,0.53,2.0,1.0,25.0,30.0
276,shay,08152016_volde,volde,2016-08-15 00:00:00,1.0,0.7,0.7,80.0,100.0,693.0,4.0,379.0,0.4,2.0,1.0,25.0,30.0
277,shay,08162016_dumble,dumble,2016-08-16 00:00:00,2.0,0.9,0.8,80.0,100.0,729.0,4.0,375.0,0.65,2.0,1.0,25.0,25.0
278,shay,08162016_harry,harry,2016-08-16 00:00:00,2.0,0.9,0.8,80.0,100.0,739.0,4.0,426.0,0.6,2.0,1.0,25.0,25.0
279,shay,08162016_quirrel,quirrel,2016-08-16 00:00:00,2.0,0.9,0.8,80.0,100.0,722.0,4.0,390.0,0.66,2.0,1.0,25.0,25.0
280,shay,08162016_sprout,sprout,2016-08-16 00:00:00,1.0,0.7,0.7,80.0,100.0,750.0,4.0,433.0,0.54,2.0,1.0,25.0,30.0
281,shay,08162016_tom,tom,2016-08-16 00:00:00,1.0,0.7,0.7,80.0,100.0,658.0,4.0,361.0,0.5,2.0,1.0,25.0,30.0
282,shay,08162016_tonks,tonks,2016-08-16 00:00:00,1.0,0.7,0.7,80.0,100.0,756.0,4.0,400.0,0.57,2.0,1.0,25.0,25.0
283,shay,08162016_volde,volde,2016-08-16 00:00:00,1.0,0.7,0.7,80.0,100.0,748.0,4.0,391.0,0.52,2.0,1.0,25.0,30.0
284,shay,08192016_dumble,dumble,2016-08-19 00:00:00,2.0,0.9,0.8,50.0,50.0,438.0,4.0,250.0,0.4,2.0,1.0,25.0,25.0
285,shay,08192016_harry,harry,2016-08-19 00:00:00,2.0,0.9,0.8,50.0,50.0,401.0,4.0,249.0,0.61,2.0,1.0,25.0,25.0
286,shay,08192016_quirrel,quirrel,2016-08-19 00:00:00,2.0,1.0,0.0,50.0,50.0,451.0,8.0,402.0,0.89,2.0,1.0,25.0,25.0
287,shay,08192016_sprout,sprout,2016-08-19 00:00:00,1.0,0.7,0.7,50.0,50.0,533.0,4.0,249.0,0.46,2.0,1.0,25.0,30.0
288,shay,08192016_tom,tom,2016-08-19 00:00:00,2.0,1.0,0.0,50.0,50.0,455.0,8.0,405.0,0.89,2.0,1.0,25.0,30.0
289,shay,08192016_tonks,tonks,2016-08-19 00:00:00,1.0,0.7,0.7,50.0,50.0,489.0,4.0,250.0,0.34,2.0,1.0,25.0,30.0
290,shay,08192016_volde,volde,2016-08-19 00:00:00,2.0,1.0,0.0,50.0,50.0,451.0,8.0,400.0,0.89,2.0,1.0,25.0,30.0
291,shay,08232016_dumble,dumble,2016-08-23 00:00:00,2.0,0.0,1.0,50.0,50.0,457.0,8.0,400.0,0.88,2.0,1.0,25.0,25.0
292,shay,08232016_harry,harry,2016-08-23 00:00:00,2.0,0.0,1.0,50.0,50.0,441.0,8.0,400.0,0.91,2.0,1.0,25.0,25.0
293,shay,08232016_quirrel,quirrel,2016-08-23 00:00:00,2.0,0.0,1.0,50.0,50.0,467.0,8.0,403.0,0.86,2.0,1.0,25.0,25.0
294,shay,08232016_sprout,sprout,2016-08-23 00:00:00,2.0,0.0,1.0,50.0,50.0,572.0,10.0,508.0,0.89,2.0,1.0,25.0,30.0
295,shay,08232016_tom,tom,2016-08-23 00:00:00,2.0,0.0,1.0,50.0,50.0,433.0,8.0,400.0,0.93,2.0,1.0,25.0,30.0
296,shay,08232016_tonks,tonks,2016-08-23 00:00:00,2.0,1.0,0.0,50.0,50.0,516.0,9.0,460.0,0.89,2.0,1.0,25.0,30.0
297,shay,08232016_volde,volde,2016-08-23 00:00:00,2.0,0.0,1.0,50.0,50.0,459.0,8.0,401.0,0.87,2.0,1.0,25.0,30.0
298,shay,08242016_dumble,dumble,2016-08-24 00:00:00,2.0,0.0,0.5,50.0,50.0,620.0,0.0,389.0,0.88,2.0,1.0,25.0,25.0
299,shay,08242016_harry,harry,2016-08-24 00:00:00,2.0,0.5,0.0,50.0,50.0,614.0,7.0,356.0,0.75,2.0,1.0,25.0,25.0
300,shay,08242016_quirrel,quirrel,2016-08-24 00:00:00,2.0,1.0,0.5,50.0,50.0,694.0,0.0,405.0,0.73,2.0,1.0,25.0,25.0
301,shay,08242016_sprout,sprout,2016-08-24 00:00:00,2.0,0.5,1.0,50.0,50.0,705.0,6.0,341.0,0.59,2.0,1.0,25.0,25.0
302,shay,08242016_tom,tom,2016-08-24 00:00:00,2.0,0.5,1.0,50.0,50.0,754.0,8.0,417.0,0.8,2.0,1.0,25.0,25.0
303,shay,08242016_tonks,tonks,2016-08-24 00:00:00,2.0,0.5,1.0,50.0,50.0,737.0,8.0,403.0,0.69,2.0,1.0,25.0,25.0
304,shay,08242016_volde,volde,2016-08-24 00:00:00,2.0,0.5,0.0,50.0,50.0,692.0,7.0,391.0,0.76,2.0,1.0,25.0,25.0
305,shay,08252016_dumble,dumble,2016-08-25 00:00:00,2.0,0.0,0.5,50.0,50.0,637.0,0.0,394.0,0.81,2.0,1.0,25.0,25.0
306,shay,08252016_harry,harry,2016-08-25 00:00:00,2.0,1.0,0.5,50.0,50.0,621.0,0.0,328.0,0.66,2.0,1.0,25.0,25.0
307,shay,08252016_quirrel,quirrel,2016-08-25 00:00:00,2.0,0.0,0.5,50.0,50.0,660.0,0.0,388.0,0.78,2.0,1.0,25.0,25.0
308,shay,08252016_sprout,sprout,2016-08-25 00:00:00,2.0,0.0,0.5,50.0,50.0,514.0,0.0,265.0,0.72,2.0,1.0,25.0,25.0
309,shay,08252016_tom,tom,2016-08-25 00:00:00,2.0,0.0,0.5,50.0,50.0,683.0,0.0,395.0,0.78,2.0,1.0,25.0,25.0
310,shay,08252016_tonks,tonks,2016-08-25 00:00:00,2.0,1.0,0.5,50.0,50.0,827.0,0.0,434.0,0.76,2.0,1.0,25.0,25.0
311,shay,08252016_volde,volde,2016-08-25 00:00:00,2.0,0.0,0.5,50.0,50.0,589.0,0.0,291.0,0.63,2.0,1.0,25.0,25.0
312,shay,08262016_sprout,sprout,2016-08-26 00:00:00,2.0,0.5,0.0,50.0,50.0,675.0,7.0,367.0,0.73,2.0,1.0,25.0,25.0
313,shay,08262016_tom,tom,2016-08-26 00:00:00,2.0,0.5,0.0,50.0,50.0,74.0,1.0,52.0,0.82,2.0,1.0,25.0,25.0
314,shay,08262016_tonks,tonks,2016-08-26 00:00:00,2.0,0.5,1.0,50.0,50.0,729.0,7.0,398.0,0.78,2.0,1.0,25.0,25.0
315,shay,08262016_volde,volde,2016-08-26 00:00:00,2.0,0.5,0.0,50.0,50.0,698.0,7.0,399.0,0.77,2.0,1.0,25.0,25.0
316,shay,06052016_dumble,dumble,2016-06-05 00:00:00,2.0,0.0,1.0,50.0,50.0,8.0,0.0,2.0,0.25,10.0,0.5,45.0,40.0
317,shay,06052016_harry,harry,2016-06-05 00:00:00,2.0,0.0,1.0,50.0,50.0,20.0,0.0,15.0,0.75,10.0,0.5,45.0,40.0
318,shay,06052016_myrtle,myrtle,2016-06-05 00:00:00,2.0,0.0,1.0,50.0,50.0,1.0,0.0,0.0,0.0,10.0,0.5,45.0,40.0
319,shay,06052016_quirrel,quirrel,2016-06-05 00:00:00,2.0,0.0,1.0,50.0,50.0,4.0,0.0,2.0,0.5,10.0,0.5,45.0,40.0
320,shay,06052016_tom,tom,2016-06-05 00:00:00,2.0,0.0,1.0,50.0,50.0,45.0,0.0,42.0,0.93,10.0,0.5,25.0,40.0
321,shay,06062016_dumble,dumble,2016-06-06 00:00:00,1.0,1.0,1.0,50.0,50.0,65.0,1.0,50.0,0.0,10.0,0.5,45.0,40.0
322,shay,06062016_harry,harry,2016-06-06 00:00:00,1.0,1.0,1.0,50.0,50.0,65.0,1.0,50.0,0.0,10.0,0.5,45.0,40.0
323,shay,06062016_myrtle,myrtle,2016-06-06 00:00:00,1.0,1.0,1.0,50.0,50.0,1.0,0.0,1.0,0.0,10.0,0.5,45.0,40.0
324,shay,06062016_quirrel,quirrel,2016-06-06 00:00:00,1.0,1.0,1.0,50.0,50.0,4.0,0.0,4.0,0.0,10.0,0.5,45.0,40.0
325,shay,06062016_tom,tom,2016-06-06 00:00:00,1.0,1.0,1.0,50.0,50.0,59.0,1.0,50.0,0.0,10.0,0.5,35.0,45.0
326,shay,06062016_tonks,tonks,2016-06-06 00:00:00,1.0,1.0,1.0,50.0,50.0,26.0,0.0,26.0,0.0,10.0,0.5,35.0,45.0
327,shay,06062016_volde,volde,2016-06-06 00:00:00,1.0,1.0,1.0,50.0,50.0,12.0,0.0,12.0,0.0,10.0,0.5,35.0,45.0
328,shay,06072016_dumble,dumble,2016-06-07 00:00:00,2.0,0.0,1.0,50.0,50.0,52.0,0.0,35.0,0.67,10.0,0.5,35.0,30.0
329,shay,06072016_harry,harry,2016-06-07 00:00:00,2.0,1.0,0.0,50.0,50.0,16.0,0.0,1.0,0.06,10.0,0.5,35.0,30.0
330,shay,06072016_myrtle,myrtle,2016-06-07 00:00:00,1.0,1.0,1.0,1000.0,1000.0,1.0,0.0,1.0,0.0,10.0,0.5,35.0,30.0
331,shay,06072016_quirrel,quirrel,2016-06-07 00:00:00,1.0,1.0,1.0,1000.0,1000.0,7.0,0.0,7.0,0.0,10.0,0.5,35.0,30.0
332,shay,06072016_sprout,sprout,2016-06-07 00:00:00,1.0,1.0,1.0,1000.0,1000.0,1.0,0.0,1.0,0.0,10.0,0.5,40.0,45.0
333,shay,06072016_tom,tom,2016-06-07 00:00:00,2.0,1.0,0.0,50.0,50.0,15.0,0.0,0.0,0.0,10.0,0.5,40.0,45.0
334,shay,06072016_tonks,tonks,2016-06-07 00:00:00,2.0,0.0,1.0,50.0,50.0,16.0,0.0,9.0,0.56,10.0,0.5,40.0,45.0
335,shay,06072016_volde,volde,2016-06-07 00:00:00,2.0,0.0,1.0,50.0,50.0,9.0,0.0,5.0,0.56,10.0,0.5,40.0,45.0
336,shay,06082016_harry,harry,2016-06-08 00:00:00,2.0,1.0,0.0,50.0,50.0,8.0,0.0,2.0,0.25,10.0,0.5,35.0,30.0
337,shay,06082016_myrtle,myrtle,2016-06-08 00:00:00,1.0,1.0,1.0,1000.0,1000.0,2.0,0.0,2.0,0.0,10.0,0.5,35.0,30.0
338,shay,06082016_quirrel,quirrel,2016-06-08 00:00:00,1.0,1.0,1.0,1000.0,1000.0,21.0,0.0,21.0,0.0,10.0,0.5,35.0,30.0
339,shay,06082016_sprout,sprout,2016-06-08 00:00:00,1.0,1.0,1.0,1000.0,1000.0,23.0,0.0,23.0,0.0,10.0,0.5,40.0,45.0
340,shay,06082016_tom,tom,2016-06-08 00:00:00,2.0,1.0,0.0,50.0,50.0,7.0,0.0,0.0,0.0,10.0,0.5,40.0,45.0
341,shay,06082016_tonks,tonks,2016-06-08 00:00:00,2.0,0.0,1.0,50.0,50.0,11.0,0.0,10.0,0.91,10.0,0.5,40.0,45.0
342,shay,06082016_volde,volde,2016-06-08 00:00:00,2.0,0.0,1.0,50.0,50.0,7.0,0.0,6.0,0.86,10.0,0.5,40.0,45.0
343,shay,06092016_dumble,dumble,2016-06-09 00:00:00,2.0,1.0,0.0,50.0,50.0,189.0,2.0,104.0,0.55,10.0,0.5,40.0,30.0
344,shay,06092016_harry,harry,2016-06-09 00:00:00,1.0,1.0,1.0,1000.0,1000.0,56.0,0.0,56.0,0.0,10.0,0.5,40.0,30.0
345,shay,06092016_quirrel,quirrel,2016-06-09 00:00:00,1.0,1.0,1.0,1000.0,1000.0,51.0,0.0,51.0,0.0,10.0,0.5,40.0,30.0
346,shay,06092016_sprout,sprout,2016-06-09 00:00:00,1.0,1.0,1.0,1000.0,1000.0,86.0,0.0,86.0,0.0,10.0,0.5,40.0,45.0
347,shay,06092016_tom,tom,2016-06-09 00:00:00,1.0,1.0,1.0,1000.0,1000.0,176.0,0.0,176.0,0.0,10.0,0.5,40.0,45.0
348,shay,06092016_tonks,tonks,2016-06-09 00:00:00,1.0,1.0,1.0,1000.0,1000.0,41.0,0.0,41.0,0.0,10.0,0.5,40.0,45.0
349,shay,06092016_volde,volde,2016-06-09 00:00:00,1.0,1.0,1.0,1000.0,1000.0,57.0,0.0,57.0,0.0,10.0,0.5,40.0,45.0
350,shay,06102016_dumble,dumble,2016-06-10 00:00:00,2.0,0.0,1.0,50.0,50.0,122.0,1.0,63.0,0.52,5.0,1.0,40.0,30.0
351,shay,06102016_harry,harry,2016-06-10 00:00:00,1.0,1.0,1.0,1000.0,1000.0,312.0,0.0,312.0,0.0,5.0,0.5,40.0,30.0
352,shay,06102016_myrtle,myrtle,2016-06-10 00:00:00,0.0,1.0,1.0,1000.0,1000.0,5.0,0.0,1.0,0.0,10.0,0.5,40.0,30.0
353,shay,06102016_quirrel,quirrel,2016-06-10 00:00:00,1.0,1.0,1.0,1000.0,1000.0,348.0,0.0,348.0,0.0,5.0,0.5,40.0,30.0
354,shay,06102016_sprout,sprout,2016-06-10 00:00:00,1.0,1.0,1.0,1000.0,1000.0,51.0,0.0,51.0,0.0,10.0,0.5,40.0,45.0
355,shay,06102016_tom,tom,2016-06-10 00:00:00,2.0,0.0,1.0,50.0,50.0,91.0,1.0,50.0,0.55,5.0,0.5,40.0,45.0
356,shay,06102016_tonks,tonks,2016-06-10 00:00:00,1.0,1.0,1.0,1000.0,1000.0,120.0,0.0,120.0,0.0,5.0,0.5,40.0,45.0
357,shay,06102016_volde,volde,2016-06-10 00:00:00,1.0,1.0,1.0,1000.0,1000.0,166.0,0.0,166.0,0.0,5.0,0.5,40.0,45.0
358,shay,06132016_dumble,dumble,2016-06-13 00:00:00,2.0,1.0,0.0,50.0,50.0,114.0,1.0,54.0,0.47,5.0,1.0,40.0,30.0
359,shay,06132016_harry,harry,2016-06-13 00:00:00,2.0,1.0,0.0,50.0,50.0,392.0,3.0,153.0,0.39,5.0,0.5,40.0,30.0
360,shay,06132016_quirrel,quirrel,2016-06-13 00:00:00,2.0,1.0,0.0,50.0,50.0,478.0,4.0,204.0,0.43,5.0,0.5,40.0,30.0
361,shay,06132016_sprout,sprout,2016-06-13 00:00:00,2.0,1.0,0.0,50.0,50.0,152.0,1.0,80.0,0.53,5.0,0.5,40.0,30.0
362,shay,06132016_tom,tom,2016-06-13 00:00:00,2.0,1.0,0.0,50.0,50.0,17.0,0.0,1.0,0.06,5.0,0.5,40.0,45.0
363,shay,06132016_tonks,tonks,2016-06-13 00:00:00,2.0,1.0,0.0,50.0,50.0,28.0,0.0,3.0,0.11,5.0,0.5,40.0,30.0
364,shay,06132016_volde,volde,2016-06-13 00:00:00,2.0,1.0,0.0,50.0,50.0,150.0,0.0,48.0,0.32,5.0,0.5,40.0,30.0
365,shay,06142016_dumble,dumble,2016-06-14 00:00:00,2.0,1.0,0.0,30.0,30.0,247.0,5.0,178.0,0.72,5.0,1.0,40.0,30.0
366,shay,06142016_harry,harry,2016-06-14 00:00:00,2.0,1.0,0.0,30.0,30.0,151.0,3.0,104.0,0.69,5.0,1.0,40.0,30.0
367,shay,06142016_myrtle,myrtle,2016-06-14 00:00:00,0.0,1.0,1.0,1000.0,1000.0,4.0,0.0,0.0,0.0,10.0,0.5,40.0,30.0
368,shay,06142016_quirrel,quirrel,2016-06-14 00:00:00,2.0,1.0,0.0,30.0,30.0,113.0,1.0,45.0,0.4,5.0,1.0,40.0,30.0
369,shay,06142016_sprout,sprout,2016-06-14 00:00:00,2.0,1.0,0.0,30.0,30.0,105.0,2.0,62.0,0.59,5.0,1.0,40.0,30.0
370,shay,06142016_tom,tom,2016-06-14 00:00:00,2.0,1.0,0.0,50.0,50.0,4.0,0.0,0.0,0.0,5.0,0.5,40.0,45.0
371,shay,06142016_tonks,tonks,2016-06-14 00:00:00,2.0,1.0,0.0,50.0,50.0,12.0,0.0,2.0,0.17,5.0,0.5,40.0,30.0
372,shay,06142016_volde,volde,2016-06-14 00:00:00,2.0,1.0,0.0,50.0,50.0,286.0,2.0,147.0,0.51,5.0,0.5,40.0,30.0
373,shay,06152016_dumble,dumble,2016-06-15 00:00:00,2.0,1.0,0.0,15.0,15.0,331.0,14.0,217.0,0.66,3.0,1.0,40.0,30.0
374,shay,06152016_harry,harry,2016-06-15 00:00:00,2.0,1.0,0.0,30.0,30.0,145.0,3.0,99.0,0.68,5.0,1.0,40.0,30.0
375,shay,06152016_myrtle,myrtle,2016-06-15 00:00:00,0.0,1.0,1.0,1000.0,1000.0,1.0,0.0,1.0,0.0,10.0,0.5,40.0,30.0
376,shay,06152016_quirrel,quirrel,2016-06-15 00:00:00,2.0,1.0,0.0,30.0,30.0,148.0,3.0,94.0,0.64,5.0,1.0,40.0,30.0
377,shay,06152016_sprout,sprout,2016-06-15 00:00:00,2.0,1.0,0.0,30.0,30.0,118.0,2.0,66.0,0.56,5.0,1.0,40.0,30.0
378,shay,06152016_tom,tom,2016-06-15 00:00:00,2.0,1.0,0.0,1999.0,1999.0,13.0,0.0,0.0,0.0,5.0,0.5,40.0,45.0
379,shay,06152016_tonks,tonks,2016-06-15 00:00:00,2.0,1.0,0.0,50.0,50.0,17.0,0.0,5.0,0.29,5.0,0.5,40.0,30.0
380,shay,06152016_volde,volde,2016-06-15 00:00:00,2.0,0.0,1.0,30.0,30.0,110.0,1.0,57.0,0.52,5.0,1.0,40.0,30.0
381,shay,06162016_dumble,dumble,2016-06-16 00:00:00,2.0,1.0,0.0,30.0,30.0,385.0,9.0,279.0,0.72,3.0,1.0,40.0,30.0
382,shay,06162016_harry,harry,2016-06-16 00:00:00,2.0,1.0,0.0,30.0,30.0,490.0,13.0,399.0,0.81,5.0,1.0,40.0,30.0
383,shay,06162016_myrtle,myrtle,2016-06-16 00:00:00,1.0,1.0,1.0,1000.0,1000.0,68.0,0.0,68.0,0.0,10.0,0.5,40.0,30.0
384,shay,06162016_quirrel,quirrel,2016-06-16 00:00:00,2.0,1.0,0.0,30.0,30.0,338.0,9.0,271.0,0.8,5.0,1.0,40.0,30.0
385,shay,06162016_sprout,sprout,2016-06-16 00:00:00,2.0,1.0,0.0,30.0,30.0,60.0,1.0,32.0,0.53,5.0,1.0,40.0,30.0
386,shay,06162016_tonks,tonks,2016-06-16 00:00:00,2.0,1.0,0.0,1000.0,1000.0,16.0,0.0,5.0,0.31,5.0,0.5,40.0,30.0
387,shay,06162016_volde,volde,2016-06-16 00:00:00,2.0,0.0,1.0,30.0,30.0,72.0,1.0,38.0,0.53,5.0,1.0,40.0,30.0
388,shay,06172016_dumble,dumble,2016-06-17 00:00:00,2.0,1.0,0.0,30.0,30.0,530.0,13.0,402.0,0.76,3.0,1.0,40.0,30.0
389,shay,06172016_harry,harry,2016-06-17 00:00:00,2.0,1.0,0.0,30.0,30.0,523.0,14.0,427.0,0.82,5.0,1.0,40.0,30.0
390,shay,06172016_quirrel,quirrel,2016-06-17 00:00:00,2.0,1.0,0.0,30.0,30.0,512.0,13.0,401.0,0.79,5.0,1.0,40.0,30.0
391,shay,06172016_sprout,sprout,2016-06-17 00:00:00,2.0,1.0,0.0,30.0,30.0,221.0,4.0,136.0,0.62,5.0,1.0,40.0,30.0
392,shay,06202016_dumble,dumble,2016-06-20 00:00:00,2.0,1.0,0.0,30.0,30.0,439.0,11.0,356.0,0.81,3.0,1.0,40.0,30.0
393,shay,06202016_harry,harry,2016-06-20 00:00:00,2.0,1.0,0.0,30.0,30.0,461.0,12.0,377.0,0.82,3.0,1.0,40.0,30.0
394,shay,06202016_myrtle,myrtle,2016-06-20 00:00:00,1.0,1.0,1.0,1000.0,1000.0,104.0,0.0,104.0,0.0,10.0,0.5,40.0,30.0
395,shay,06202016_quirrel,quirrel,2016-06-20 00:00:00,2.0,1.0,0.0,30.0,30.0,637.0,17.0,513.0,0.81,5.0,1.0,40.0,30.0
396,shay,06202016_sprout,sprout,2016-06-20 00:00:00,2.0,1.0,0.0,30.0,30.0,238.0,4.0,149.0,0.63,5.0,1.0,40.0,30.0
397,shay,06202016_tom,tom,2016-06-20 00:00:00,1.0,1.0,1.0,1999.0,1999.0,114.0,0.0,114.0,0.0,5.0,0.5,40.0,45.0
398,shay,06202016_tonks,tonks,2016-06-20 00:00:00,2.0,1.0,0.0,1000.0,1000.0,160.0,0.0,108.0,0.68,5.0,0.5,40.0,30.0
399,shay,06202016_volde,volde,2016-06-20 00:00:00,2.0,0.0,1.0,30.0,30.0,240.0,5.0,160.0,0.67,5.0,1.0,40.0,30.0
400,shay,06212016_dumble,dumble,2016-06-21 00:00:00,2.0,1.0,0.0,15.0,15.0,481.0,24.0,360.0,0.75,2.0,1.0,40.0,30.0
401,shay,06212016_harry,harry,2016-06-21 00:00:00,2.0,1.0,0.0,15.0,15.0,521.0,28.0,418.0,0.8,2.0,1.0,40.0,30.0
402,shay,06212016_myrtle,myrtle,2016-06-21 00:00:00,2.0,1.0,0.0,50.0,50.0,58.0,0.0,41.0,0.71,3.0,1.0,40.0,45.0
403,shay,06212016_quirrel,quirrel,2016-06-21 00:00:00,2.0,1.0,0.0,15.0,15.0,651.0,33.0,497.0,0.76,2.0,1.0,40.0,30.0
404,shay,06212016_sprout,sprout,2016-06-21 00:00:00,2.0,0.0,1.0,30.0,30.0,301.0,6.0,188.0,0.63,5.0,1.0,40.0,30.0
405,shay,06212016_tom,tom,2016-06-21 00:00:00,2.0,1.0,0.0,50.0,50.0,168.0,0.0,48.0,0.29,5.0,0.5,40.0,45.0
406,shay,06212016_tonks,tonks,2016-06-21 00:00:00,2.0,0.0,1.0,50.0,50.0,21.0,0.0,8.0,0.38,3.0,1.0,40.0,45.0
407,shay,06212016_volde,volde,2016-06-21 00:00:00,2.0,1.0,0.0,15.0,15.0,279.0,13.0,198.0,0.71,2.0,1.0,40.0,45.0
408,shay,06222016_dumble,dumble,2016-06-22 00:00:00,2.0,1.0,0.0,10.0,20.0,467.0,23.0,343.0,0.73,2.0,1.0,40.0,30.0
409,shay,06222016_harry,harry,2016-06-22 00:00:00,2.0,1.0,0.0,10.0,20.0,483.0,25.0,371.0,0.77,2.0,1.0,40.0,30.0
410,shay,06222016_myrtle,myrtle,2016-06-22 00:00:00,2.0,1.0,0.0,30.0,30.0,159.0,2.0,81.0,0.51,3.0,1.0,40.0,45.0
411,shay,06222016_quirrel,quirrel,2016-06-22 00:00:00,2.0,1.0,0.0,10.0,20.0,683.0,34.0,547.0,0.8,2.0,1.0,40.0,30.0
412,shay,06222016_sprout,sprout,2016-06-22 00:00:00,2.0,0.0,1.0,10.0,20.0,494.0,25.0,346.0,0.7,5.0,1.0,40.0,30.0
413,shay,06222016_tom,tom,2016-06-22 00:00:00,2.0,1.0,0.0,30.0,30.0,339.0,6.0,181.0,0.53,5.0,0.5,40.0,45.0
414,shay,06222016_tonks,tonks,2016-06-22 00:00:00,2.0,0.0,1.0,50.0,50.0,116.0,1.0,67.0,0.58,3.0,1.0,40.0,45.0
415,shay,06232016_dumble,dumble,2016-06-23 00:00:00,2.0,1.0,0.0,10.0,20.0,572.0,30.0,454.0,0.79,2.0,1.0,45.0,35.0
416,shay,06232016_harry,harry,2016-06-23 00:00:00,2.0,1.0,0.0,10.0,20.0,573.0,30.0,436.0,0.76,2.0,1.0,45.0,35.0
417,shay,06232016_myrtle,myrtle,2016-06-23 00:00:00,2.0,1.0,0.0,30.0,30.0,139.0,1.0,49.0,0.35,3.0,1.0,40.0,45.0
418,shay,06232016_quirrel,quirrel,2016-06-23 00:00:00,2.0,1.0,0.0,10.0,20.0,477.0,26.0,386.0,0.81,2.0,1.0,45.0,35.0
419,shay,06232016_sprout,sprout,2016-06-23 00:00:00,2.0,1.0,0.0,30.0,30.0,537.0,13.0,419.0,0.78,3.0,1.0,45.0,35.0
420,shay,06232016_tonks,tonks,2016-06-23 00:00:00,2.0,0.0,1.0,30.0,30.0,186.0,2.0,85.0,0.46,3.0,1.0,40.0,45.0
421,shay,06232016_volde,volde,2016-06-23 00:00:00,2.0,1.0,0.0,10.0,20.0,514.0,27.0,397.0,0.77,2.0,1.0,40.0,45.0
422,shay,06242016_dumble,dumble,2016-06-24 00:00:00,2.0,1.0,0.0,10.0,20.0,473.0,26.0,386.0,0.82,2.0,1.0,45.0,35.0
423,shay,06242016_harry,harry,2016-06-24 00:00:00,2.0,1.0,0.0,10.0,20.0,470.0,23.0,369.0,0.8,2.0,1.0,45.0,35.0
424,shay,06242016_myrtle,myrtle,2016-06-24 00:00:00,2.0,1.0,0.0,30.0,30.0,134.0,2.0,84.0,0.63,3.0,1.0,40.0,45.0
425,shay,06242016_quirrel,quirrel,2016-06-24 00:00:00,2.0,1.0,0.0,10.0,20.0,479.0,25.0,383.0,0.8,2.0,1.0,40.0,45.0
426,shay,06242016_sprout,sprout,2016-06-24 00:00:00,2.0,1.0,0.0,30.0,30.0,471.0,12.0,389.0,0.83,3.0,1.0,40.0,45.0
427,shay,06242016_tom,tom,2016-06-24 00:00:00,2.0,1.0,0.0,30.0,30.0,357.0,8.0,268.0,0.75,5.0,0.5,45.0,35.0
428,shay,06242016_tonks,tonks,2016-06-24 00:00:00,2.0,0.0,1.0,30.0,30.0,192.0,3.0,118.0,0.61,3.0,1.0,40.0,45.0
429,shay,06242016_volde,volde,2016-06-24 00:00:00,2.0,1.0,0.0,10.0,20.0,398.0,18.0,290.0,0.73,2.0,1.0,45.0,35.0
430,shay,06272016_dumble,dumble,2016-06-27 00:00:00,2.0,1.0,0.0,10.0,20.0,513.0,27.0,428.0,0.83,2.0,1.0,45.0,35.0
431,shay,06272016_harry,harry,2016-06-27 00:00:00,2.0,1.0,0.0,10.0,20.0,523.0,27.0,410.0,0.79,2.0,1.0,45.0,35.0
432,shay,06272016_myrtle,myrtle,2016-06-27 00:00:00,2.0,1.0,0.0,15.0,15.0,146.0,5.0,83.0,0.57,3.0,1.0,45.0,35.0
433,shay,06272016_quirrel,quirrel,2016-06-27 00:00:00,2.0,1.0,0.0,10.0,20.0,552.0,28.0,448.0,0.81,2.0,1.0,45.0,35.0
434,shay,06272016_sprout,sprout,2016-06-27 00:00:00,2.0,1.0,0.0,10.0,20.0,377.0,16.0,256.0,0.68,2.0,1.0,40.0,45.0
435,shay,06272016_tom,tom,2016-06-27 00:00:00,2.0,1.0,0.0,10.0,20.0,310.0,14.0,221.0,0.71,2.0,1.0,35.0,45.0
436,shay,06272016_tonks,tonks,2016-06-27 00:00:00,2.0,0.0,1.0,15.0,15.0,372.0,15.0,236.0,0.63,3.0,1.0,40.0,45.0
437,shay,06272016_volde,volde,2016-06-27 00:00:00,2.0,1.0,0.0,10.0,20.0,512.0,25.0,393.0,0.77,2.0,1.0,35.0,45.0
438,shay,06282016_dumble,dumble,2016-06-28 00:00:00,2.0,1.0,0.0,10.0,20.0,503.0,27.0,415.0,0.83,2.0,1.0,45.0,45.0
439,shay,06282016_harry,harry,2016-06-28 00:00:00,2.0,1.0,0.0,10.0,20.0,445.0,22.0,349.0,0.78,2.0,1.0,45.0,45.0
440,shay,06282016_myrtle,myrtle,2016-06-28 00:00:00,2.0,1.0,0.0,15.0,15.0,200.0,8.0,122.0,0.61,3.0,1.0,45.0,45.0
441,shay,06282016_quirrel,quirrel,2016-06-28 00:00:00,2.0,1.0,0.0,10.0,20.0,501.0,25.0,404.0,0.81,2.0,1.0,45.0,45.0
442,shay,06282016_sprout,sprout,2016-06-28 00:00:00,2.0,1.0,0.0,10.0,20.0,474.0,24.0,377.0,0.8,2.0,1.0,45.0,50.0
443,shay,06282016_tom,tom,2016-06-28 00:00:00,2.0,1.0,0.0,10.0,20.0,435.0,23.0,345.0,0.79,2.0,1.0,45.0,50.0
444,shay,06282016_tonks,tonks,2016-06-28 00:00:00,2.0,1.0,0.0,10.0,20.0,476.0,25.0,369.0,0.78,2.0,1.0,45.0,50.0
445,shay,06282016_volde,volde,2016-06-28 00:00:00,2.0,1.0,0.0,10.0,20.0,558.0,28.0,427.0,0.77,2.0,1.0,45.0,50.0
446,shay,06302016_dumble,dumble,2016-06-30 00:00:00,2.0,0.8,0.0,15.0,15.0,570.0,27.0,410.0,0.78,2.0,1.0,45.0,45.0
447,shay,06302016_harry,harry,2016-06-30 00:00:00,2.0,0.8,0.0,15.0,15.0,483.0,23.0,351.0,0.76,2.0,1.0,45.0,45.0
448,shay,06302016_quirrel,quirrel,2016-06-30 00:00:00,2.0,0.8,0.0,15.0,15.0,521.0,24.0,368.0,0.75,2.0,1.0,45.0,45.0
449,shay,06302016_sprout,sprout,2016-06-30 00:00:00,2.0,0.8,0.0,15.0,15.0,706.0,26.0,392.0,0.7,2.0,1.0,45.0,45.0
450,shay,06302016_tom,tom,2016-06-30 00:00:00,2.0,0.8,0.0,15.0,15.0,422.0,16.0,249.0,0.74,2.0,1.0,45.0,45.0
451,shay,06302016_tonks,tonks,2016-06-30 00:00:00,2.0,0.8,0.0,15.0,15.0,295.0,11.0,165.0,0.7,2.0,1.0,45.0,45.0
452,shay,06302016_volde,volde,2016-06-30 00:00:00,2.0,0.8,0.0,15.0,15.0,529.0,21.0,315.0,0.74,2.0,1.0,45.0,45.0
453,shay,07052016_dumble,dumble,2016-07-05 00:00:00,2.0,1.0,0.0,15.0,30.0,538.0,21.0,464.0,0.86,2.0,1.0,45.0,40.0
454,shay,07052016_harry,harry,2016-07-05 00:00:00,2.0,1.0,0.0,15.0,30.0,424.0,16.0,375.0,0.89,2.0,1.0,45.0,40.0
455,shay,07052016_quirrel,quirrel,2016-07-05 00:00:00,2.0,1.0,0.0,15.0,30.0,441.0,19.0,377.0,0.85,2.0,1.0,45.0,40.0
456,shay,07052016_sprout,sprout,2016-07-05 00:00:00,2.0,1.0,0.0,15.0,30.0,430.0,10.0,267.0,0.62,2.0,1.0,40.0,40.0
457,shay,07052016_tom,tom,2016-07-05 00:00:00,2.0,1.0,0.0,15.0,30.0,302.0,10.0,229.0,0.76,2.0,1.0,45.0,40.0
458,shay,07052016_tonks,tonks,2016-07-05 00:00:00,2.0,1.0,0.0,15.0,30.0,171.0,4.0,96.0,0.56,2.0,1.0,40.0,40.0
459,shay,07052016_volde,volde,2016-07-05 00:00:00,2.0,1.0,0.0,15.0,30.0,39.0,0.0,17.0,0.44,2.0,1.0,40.0,40.0
460,shay,07062016_dumble,dumble,2016-07-06 00:00:00,2.0,0.8,0.2,15.0,30.0,633.0,17.0,396.0,0.73,2.0,1.0,45.0,40.0
461,shay,07062016_harry,harry,2016-07-06 00:00:00,2.0,0.8,0.2,15.0,30.0,590.0,16.0,359.0,0.72,2.0,1.0,45.0,40.0
462,shay,07062016_quirrel,quirrel,2016-07-06 00:00:00,2.0,0.8,0.2,15.0,30.0,528.0,16.0,354.0,0.76,2.0,1.0,45.0,40.0
463,shay,07062016_sprout,sprout,2016-07-06 00:00:00,2.0,1.0,0.0,15.0,30.0,337.0,6.0,179.0,0.53,2.0,1.0,40.0,40.0
464,shay,07062016_tom,tom,2016-07-06 00:00:00,2.0,0.8,0.2,15.0,30.0,347.0,6.0,158.0,0.44,2.0,1.0,40.0,40.0
465,shay,07062016_tonks,tonks,2016-07-06 00:00:00,2.0,1.0,0.0,15.0,30.0,216.0,4.0,107.0,0.5,2.0,1.0,40.0,40.0
466,shay,07062016_volde,volde,2016-07-06 00:00:00,2.0,1.0,0.0,15.0,30.0,304.0,7.0,171.0,0.56,2.0,1.0,40.0,40.0
467,shay,07072016_dumble,dumble,2016-07-07 00:00:00,2.0,0.8,0.2,50.0,50.0,557.0,7.0,384.0,0.82,2.0,1.0,45.0,40.0
468,shay,07072016_harry,harry,2016-07-07 00:00:00,2.0,0.8,0.2,50.0,50.0,520.0,7.0,351.0,0.82,2.0,1.0,45.0,40.0
469,shay,07072016_quirrel,quirrel,2016-07-07 00:00:00,2.0,0.8,0.2,50.0,50.0,516.0,6.0,327.0,0.76,2.0,1.0,45.0,40.0
470,shay,07072016_sprout,sprout,2016-07-07 00:00:00,2.0,0.8,0.2,50.0,50.0,463.0,5.0,278.0,0.73,2.0,1.0,40.0,40.0
471,shay,07072016_tom,tom,2016-07-07 00:00:00,2.0,0.8,0.2,50.0,50.0,142.0,1.0,65.0,0.51,2.0,1.0,45.0,40.0
472,shay,07072016_tonks,tonks,2016-07-07 00:00:00,2.0,0.8,0.2,50.0,50.0,503.0,6.0,332.0,0.79,2.0,1.0,40.0,40.0
473,shay,07072016_volde,volde,2016-07-07 00:00:00,2.0,0.8,0.2,50.0,50.0,219.0,2.0,113.0,0.54,2.0,1.0,40.0,40.0
474,shay,07082016_dumble,dumble,2016-07-08 00:00:00,2.0,0.8,0.2,50.0,50.0,610.0,8.0,436.0,0.83,2.0,1.0,45.0,40.0
475,shay,07082016_harry,harry,2016-07-08 00:00:00,2.0,0.8,0.2,50.0,50.0,538.0,8.0,401.0,0.88,2.0,1.0,45.0,40.0
476,shay,07082016_quirrel,quirrel,2016-07-08 00:00:00,2.0,0.8,0.2,50.0,50.0,490.0,6.0,320.0,0.78,2.0,1.0,45.0,40.0
477,shay,07082016_sprout,sprout,2016-07-08 00:00:00,2.0,0.8,0.2,50.0,50.0,655.0,8.0,440.0,0.77,2.0,1.0,40.0,40.0
478,shay,07082016_tom,tom,2016-07-08 00:00:00,2.0,0.8,0.2,50.0,50.0,445.0,5.0,263.0,0.64,2.0,1.0,40.0,40.0
479,shay,07082016_tonks,tonks,2016-07-08 00:00:00,2.0,0.8,0.2,50.0,50.0,448.0,6.0,310.0,0.79,2.0,1.0,40.0,40.0
480,shay,07082016_volde,volde,2016-07-08 00:00:00,2.0,0.8,0.2,50.0,50.0,357.0,4.0,220.0,0.68,2.0,1.0,40.0,40.0
481,shay,07112016_dumble,dumble,2016-07-11 00:00:00,2.0,0.8,0.2,50.0,50.0,653.0,8.0,439.0,0.8,2.0,1.0,45.0,40.0
482,shay,07112016_harry,harry,2016-07-11 00:00:00,2.0,0.8,0.2,50.0,50.0,536.0,7.0,392.0,0.85,2.0,1.0,45.0,40.0
483,shay,07112016_quirrel,quirrel,2016-07-11 00:00:00,2.0,0.8,0.2,50.0,50.0,521.0,7.0,355.0,0.81,2.0,1.0,45.0,40.0
484,shay,07112016_sprout,sprout,2016-07-11 00:00:00,2.0,0.8,0.2,50.0,50.0,604.0,8.0,403.0,0.76,2.0,1.0,40.0,40.0
485,shay,07112016_tom,tom,2016-07-11 00:00:00,2.0,0.8,0.2,50.0,50.0,449.0,5.0,296.0,0.76,2.0,1.0,40.0,40.0
486,shay,07112016_tonks,tonks,2016-07-11 00:00:00,2.0,0.8,0.2,50.0,50.0,627.0,8.0,423.0,0.76,2.0,1.0,40.0,40.0
487,shay,07112016_volde,volde,2016-07-11 00:00:00,2.0,0.8,0.2,50.0,50.0,567.0,7.0,372.0,0.77,2.0,1.0,40.0,40.0
488,shay,07122016_dumble,dumble,2016-07-12 00:00:00,2.0,0.8,0.2,50.0,50.0,565.0,8.0,420.0,0.85,2.0,1.0,45.0,40.0
489,shay,07122016_harry,harry,2016-07-12 00:00:00,2.0,0.8,0.2,50.0,50.0,561.0,7.0,385.0,0.83,2.0,1.0,45.0,40.0
490,shay,07122016_quirrel,quirrel,2016-07-12 00:00:00,2.0,0.8,0.2,50.0,50.0,606.0,8.0,400.0,0.77,2.0,1.0,45.0,40.0
491,shay,07122016_sprout,sprout,2016-07-12 00:00:00,2.0,0.8,0.2,50.0,50.0,602.0,7.0,358.0,0.66,2.0,1.0,40.0,40.0
492,shay,07122016_tom,tom,2016-07-12 00:00:00,2.0,0.8,0.2,50.0,50.0,488.0,6.0,302.0,0.73,2.0,1.0,40.0,40.0
493,shay,07122016_tonks,tonks,2016-07-12 00:00:00,2.0,0.8,0.2,50.0,50.0,669.0,8.0,441.0,0.79,2.0,1.0,40.0,40.0
494,shay,07122016_volde,volde,2016-07-12 00:00:00,2.0,0.8,0.2,50.0,50.0,428.0,5.0,264.0,0.71,2.0,1.0,40.0,40.0
495,shay,07132016_dumble,dumble,2016-07-13 00:00:00,2.0,0.8,0.2,50.0,50.0,659.0,9.0,449.0,0.83,2.0,1.0,45.0,40.0
496,shay,07132016_harry,harry,2016-07-13 00:00:00,2.0,0.8,0.2,50.0,50.0,653.0,8.0,445.0,0.89,2.0,1.0,45.0,40.0
497,shay,07132016_quirrel,quirrel,2016-07-13 00:00:00,2.0,0.8,0.2,50.0,50.0,480.0,6.0,347.0,0.85,2.0,1.0,45.0,40.0
498,shay,07132016_sprout,sprout,2016-07-13 00:00:00,2.0,0.8,0.2,50.0,50.0,559.0,7.0,385.0,0.74,2.0,1.0,40.0,40.0
499,shay,07132016_tom,tom,2016-07-13 00:00:00,2.0,0.8,0.2,50.0,50.0,544.0,7.0,387.0,0.81,2.0,1.0,40.0,40.0
500,shay,07132016_tonks,tonks,2016-07-13 00:00:00,2.0,0.8,0.2,50.0,50.0,426.0,5.0,269.0,0.8,2.0,1.0,40.0,40.0
501,shay,07132016_volde,volde,2016-07-13 00:00:00,2.0,0.8,0.2,50.0,50.0,465.0,5.0,287.0,0.69,2.0,1.0,40.0,40.0
502,shay,07142016_dumble,dumble,2016-07-14 00:00:00,2.0,0.8,0.2,50.0,50.0,646.0,9.0,466.0,0.86,2.0,1.0,45.0,40.0
503,shay,07142016_harry,harry,2016-07-14 00:00:00,2.0,0.8,0.2,50.0,50.0,551.0,7.0,374.0,0.79,2.0,1.0,45.0,40.0
504,shay,07142016_quirrel,quirrel,2016-07-14 00:00:00,2.0,0.8,0.2,50.0,50.0,484.0,6.0,341.0,0.79,2.0,1.0,45.0,40.0
505,shay,07142016_sprout,sprout,2016-07-14 00:00:00,2.0,0.8,0.2,50.0,50.0,589.0,8.0,421.0,0.82,2.0,1.0,40.0,40.0
506,shay,07142016_tom,tom,2016-07-14 00:00:00,2.0,0.8,0.2,50.0,50.0,495.0,7.0,353.0,0.86,2.0,1.0,40.0,40.0
507,shay,07142016_tonks,tonks,2016-07-14 00:00:00,2.0,0.8,0.2,50.0,50.0,599.0,8.0,420.0,0.84,2.0,1.0,40.0,40.0
508,shay,07142016_volde,volde,2016-07-14 00:00:00,2.0,0.8,0.2,50.0,50.0,454.0,6.0,302.0,0.74,2.0,1.0,40.0,40.0
509,shay,07152016_dumble,dumble,2016-07-15 00:00:00,2.0,0.8,0.2,50.0,50.0,540.0,7.0,360.0,0.8,2.0,1.0,45.0,40.0
510,shay,07152016_harry,harry,2016-07-15 00:00:00,2.0,0.8,0.2,50.0,50.0,468.0,7.0,352.0,0.84,2.0,1.0,45.0,40.0
511,shay,07152016_quirrel,quirrel,2016-07-15 00:00:00,2.0,0.8,0.2,50.0,50.0,468.0,7.0,352.0,0.84,2.0,1.0,45.0,40.0
512,shay,07152016_sprout,sprout,2016-07-15 00:00:00,2.0,0.8,0.2,50.0,50.0,580.0,7.0,363.0,0.73,2.0,1.0,40.0,40.0
513,shay,07152016_tom,tom,2016-07-15 00:00:00,2.0,0.8,0.2,50.0,50.0,507.0,6.0,340.0,0.8,2.0,1.0,40.0,40.0
514,shay,07152016_tonks,tonks,2016-07-15 00:00:00,2.0,0.8,0.2,50.0,50.0,540.0,8.0,401.0,0.87,2.0,1.0,40.0,40.0
515,shay,07152016_volde,volde,2016-07-15 00:00:00,2.0,0.8,0.2,50.0,50.0,471.0,6.0,313.0,0.77,2.0,1.0,40.0,40.0
516,shay,07182016_dumble,dumble,2016-07-18 00:00:00,2.0,0.8,0.2,50.0,50.0,585.0,7.0,397.0,0.79,2.0,1.0,45.0,40.0
517,shay,07182016_harry,harry,2016-07-18 00:00:00,2.0,0.8,0.2,50.0,50.0,520.0,7.0,360.0,0.88,2.0,1.0,45.0,40.0
518,shay,07182016_quirrel,quirrel,2016-07-18 00:00:00,2.0,0.8,0.2,50.0,50.0,451.0,6.0,303.0,0.83,2.0,1.0,45.0,40.0
519,shay,07182016_sprout,sprout,2016-07-18 00:00:00,2.0,0.8,0.2,50.0,50.0,660.0,8.0,431.0,0.76,2.0,1.0,40.0,40.0
520,shay,07182016_tom,tom,2016-07-18 00:00:00,2.0,0.8,0.2,50.0,50.0,498.0,6.0,342.0,0.84,2.0,1.0,40.0,40.0
521,shay,07182016_tonks,tonks,2016-07-18 00:00:00,2.0,0.8,0.2,50.0,50.0,457.0,6.0,323.0,0.82,2.0,1.0,40.0,40.0
522,shay,07182016_volde,volde,2016-07-18 00:00:00,2.0,0.8,0.2,50.0,50.0,420.0,5.0,270.0,0.75,2.0,1.0,40.0,40.0
523,shay,07192016_dumble,dumble,2016-07-19 00:00:00,2.0,0.8,0.2,50.0,50.0,761.0,10.0,535.0,0.87,2.0,1.0,45.0,40.0
524,shay,07192016_harry,harry,2016-07-19 00:00:00,2.0,0.8,0.2,50.0,50.0,800.0,11.0,574.0,0.87,2.0,1.0,45.0,40.0
525,shay,07192016_quirrel,quirrel,2016-07-19 00:00:00,2.0,0.8,0.2,50.0,50.0,590.0,8.0,428.0,0.88,2.0,1.0,45.0,40.0
526,shay,07192016_sprout,sprout,2016-07-19 00:00:00,2.0,0.8,0.2,50.0,50.0,680.0,8.0,433.0,0.76,2.0,1.0,40.0,40.0
527,shay,07192016_tom,tom,2016-07-19 00:00:00,2.0,0.8,0.2,50.0,50.0,554.0,8.0,400.0,0.87,2.0,1.0,40.0,40.0
528,shay,07192016_tonks,tonks,2016-07-19 00:00:00,2.0,0.8,0.2,50.0,50.0,550.0,8.0,400.0,0.85,2.0,1.0,40.0,40.0
529,shay,07192016_volde,volde,2016-07-19 00:00:00,2.0,0.8,0.2,50.0,50.0,636.0,8.0,416.0,0.76,2.0,1.0,40.0,40.0
530,shay,07202016_harry,harry,2016-07-20 00:00:00,2.0,0.7,0.3,50.0,50.0,583.0,7.0,366.0,0.83,2.0,1.0,45.0,40.0
531,shay,07202016_quirrel,quirrel,2016-07-20 00:00:00,2.0,0.7,0.3,50.0,50.0,482.0,5.0,282.0,0.71,2.0,1.0,45.0,40.0
532,shay,07202016_sprout,sprout,2016-07-20 00:00:00,2.0,0.7,0.3,50.0,50.0,722.0,8.0,428.0,0.72,2.0,1.0,35.0,45.0
533,shay,07202016_tom,tom,2016-07-20 00:00:00,2.0,0.7,0.3,50.0,50.0,619.0,7.0,369.0,0.72,2.0,1.0,35.0,45.0
534,shay,07202016_tonks,tonks,2016-07-20 00:00:00,2.0,0.7,0.3,50.0,50.0,341.0,4.0,202.0,0.71,2.0,1.0,35.0,45.0
535,shay,07202016_volde,volde,2016-07-20 00:00:00,2.0,0.7,0.3,50.0,50.0,510.0,5.0,287.0,0.68,2.0,1.0,35.0,45.0
536,shay,07212016_dumble,dumble,2016-07-21 00:00:00,2.0,0.7,0.3,50.0,50.0,567.0,6.0,340.0,0.78,2.0,1.0,45.0,40.0
537,shay,07212016_harry,harry,2016-07-21 00:00:00,2.0,0.7,0.3,50.0,50.0,630.0,7.0,386.0,0.74,2.0,1.0,45.0,40.0
538,shay,07212016_quirrel,quirrel,2016-07-21 00:00:00,2.0,0.7,0.3,50.0,50.0,379.0,4.0,231.0,0.75,2.0,1.0,45.0,40.0
539,shay,07212016_sprout,sprout,2016-07-21 00:00:00,2.0,0.7,0.3,50.0,50.0,598.0,7.0,365.0,0.78,2.0,1.0,35.0,45.0
540,shay,07212016_tom,tom,2016-07-21 00:00:00,2.0,0.7,0.3,50.0,50.0,586.0,6.0,316.0,0.61,2.0,1.0,35.0,45.0
541,shay,07212016_tonks,tonks,2016-07-21 00:00:00,2.0,0.7,0.3,50.0,50.0,344.0,3.0,197.0,0.71,2.0,1.0,35.0,45.0
542,shay,07212016_volde,volde,2016-07-21 00:00:00,2.0,0.7,0.3,50.0,50.0,565.0,6.0,326.0,0.69,2.0,1.0,35.0,45.0
543,shay,01182017_K1,K1,2017-01-18 00:00:00,2.0,0.9,0.1,50.0,50.0,326.0,4.0,226.0,0.74,3.0,1.0,35.0,40.0
544,shay,01242017_K1,K1,2017-01-24 00:00:00,2.0,0.9,0.1,50.0,50.0,327.0,4.0,215.0,0.71,2.0,1.0,35.0,35.0
545,shay,01252017_K1,K1,2017-01-25 00:00:00,2.0,0.1,0.9,50.0,50.0,392.0,6.0,306.0,0.83,2.0,1.0,35.0,35.0
546,shay,01262017_K1,K1,2017-01-26 00:00:00,2.0,0.9,0.1,50.0,50.0,384.0,6.0,304.0,0.86,2.0,1.0,35.0,35.0
547,shay,01272017_K1,K1,2017-01-27 00:00:00,2.0,0.9,0.1,50.0,50.0,577.0,9.0,450.0,0.88,2.0,1.0,35.0,35.0
548,shay,01302017_K1,K1,2017-01-30 00:00:00,2.0,0.9,0.1,50.0,50.0,521.0,7.0,399.0,0.85,2.0,1.0,35.0,35.0
549,shay,01312017_K1,K1,2017-01-31 00:00:00,2.0,1.0,0.0,50.0,50.0,539.0,8.0,432.0,0.88,2.0,1.0,35.0,35.0
550,shay,02202017_K1,K1,2017-02-20 00:00:00,2.0,0.9,0.1,50.0,50.0,333.0,4.0,233.0,0.77,2.0,1.0,35.0,35.0
551,shay,02212017_K1,K1,2017-02-21 00:00:00,2.0,0.9,0.1,50.0,50.0,344.0,5.0,279.0,0.87,2.0,1.0,35.0,35.0
552,shay,02222017_K1,K1,2017-02-22 00:00:00,2.0,0.1,0.9,50.0,50.0,425.0,7.0,350.0,0.89,2.0,1.0,35.0,35.0
553,shay,02232017_K1,K1,2017-02-23 00:00:00,2.0,0.1,0.9,50.0,50.0,401.0,6.0,321.0,0.86,2.0,1.0,35.0,35.0
554,shay,02242017_K1,K1,2017-02-24 00:00:00,2.0,0.1,0.9,50.0,50.0,362.0,5.0,291.0,0.87,2.0,1.0,35.0,35.0
555,shay,02272017_K1,K1,2017-02-27 00:00:00,2.0,0.1,0.9,50.0,50.0,542.0,8.0,423.0,0.88,2.0,1.0,35.0,35.0
556,shay,03012017_K1,K1,2017-03-01 00:00:00,2.0,0.9,0.1,50.0,50.0,516.0,8.0,417.0,0.89,2.0,1.0,35.0,35.0
557,shay,03022017_K1,K1,2017-03-02 00:00:00,2.0,0.1,0.9,50.0,50.0,502.0,8.0,400.0,0.89,2.0,1.0,35.0,35.0
558,shay,03032017_K1,K1,2017-03-03 00:00:00,2.0,0.9,0.1,50.0,50.0,502.0,8.0,401.0,0.88,2.0,1.0,35.0,35.0
559,shay,01182017_K7,K7,2017-01-18 00:00:00,0.0,1.0,1.0,1000.0,1000.0,3.0,0.0,3.0,0.0,10.0,1.0,40.0,35.0
560,shay,01242017_K7,K7,2017-01-24 00:00:00,1.0,1.0,1.0,1000.0,1000.0,192.0,0.0,192.0,0.0,15.0,1.0,50.0,50.0
561,shay,01252017_K7,K7,2017-01-25 00:00:00,1.0,1.0,1.0,1000.0,1000.0,383.0,0.0,383.0,0.0,10.0,1.0,35.0,35.0
562,shay,01262017_K7,K7,2017-01-26 00:00:00,2.0,0.0,1.0,30.0,30.0,404.0,6.0,190.0,0.47,5.0,1.0,35.0,35.0
563,shay,01272017_K7,K7,2017-01-27 00:00:00,2.0,0.0,1.0,50.0,50.0,253.0,3.0,171.0,0.68,5.0,1.0,35.0,35.0
564,shay,01302017_K7,K7,2017-01-30 00:00:00,2.0,1.0,0.0,50.0,50.0,319.0,5.0,261.0,0.82,2.0,1.0,35.0,35.0
565,shay,02012017_K7,K7,2017-02-01 00:00:00,2.0,0.0,1.0,50.0,50.0,459.0,8.0,417.0,0.91,2.0,1.0,35.0,35.0
566,shay,02022017_K7,K7,2017-02-02 00:00:00,2.0,1.0,0.0,50.0,50.0,468.0,8.0,426.0,0.91,2.0,1.0,35.0,35.0
567,shay,02032017_K7,K7,2017-02-03 00:00:00,2.0,0.0,1.0,50.0,50.0,460.0,8.0,408.0,0.89,2.0,1.0,35.0,35.0
568,shay,02142017_K7,K7,2017-02-14 00:00:00,2.0,1.0,0.0,50.0,50.0,532.0,9.0,491.0,0.92,2.0,1.0,35.0,35.0
569,shay,02152017_K7,K7,2017-02-15 00:00:00,2.0,0.0,1.0,50.0,50.0,525.0,9.0,493.0,0.94,2.0,1.0,35.0,35.0
570,shay,02162017_K7,K7,2017-02-16 00:00:00,2.0,0.0,1.0,30.0,30.0,470.0,14.0,422.0,0.9,2.0,1.0,35.0,35.0
571,shay,02172017_K7,K7,2017-02-17 00:00:00,2.0,0.0,1.0,30.0,30.0,469.0,13.0,414.0,0.88,2.0,1.0,35.0,35.0
572,shay,02202017_K7,K7,2017-02-20 00:00:00,2.0,1.0,0.0,30.0,30.0,513.0,15.0,457.0,0.89,2.0,1.0,35.0,35.0
573,shay,02212017_K7,K7,2017-02-21 00:00:00,2.0,0.1,0.9,50.0,50.0,531.0,8.0,405.0,0.85,2.0,1.0,35.0,35.0
574,shay,02222017_K7,K7,2017-02-22 00:00:00,2.0,0.9,0.1,50.0,50.0,526.0,8.0,410.0,0.84,2.0,1.0,35.0,35.0
575,shay,02232017_K7,K7,2017-02-23 00:00:00,2.0,0.9,0.1,50.0,50.0,537.0,7.0,398.0,0.83,2.0,1.0,35.0,35.0
576,shay,02242017_K7,K7,2017-02-24 00:00:00,2.0,0.1,0.9,50.0,50.0,474.0,7.0,365.0,0.86,2.0,1.0,35.0,35.0
577,shay,02272017_K7,K7,2017-02-27 00:00:00,2.0,0.1,0.9,50.0,50.0,544.0,8.0,424.0,0.84,2.0,1.0,35.0,35.0
578,shay,03012017_K7,K7,2017-03-01 00:00:00,2.0,0.9,0.1,50.0,50.0,522.0,8.0,405.0,0.88,2.0,1.0,35.0,35.0
579,shay,03022017_K7,K7,2017-03-02 00:00:00,2.0,0.1,0.9,50.0,50.0,500.0,8.0,400.0,0.87,2.0,1.0,35.0,35.0
580,shay,03032017_K7,K7,2017-03-03 00:00:00,2.0,0.9,0.1,50.0,50.0,622.0,9.0,488.0,0.87,2.0,1.0,35.0,35.0
581,shay,01182017_K9,K9,2017-01-18 00:00:00,0.0,1.0,1.0,1000.0,1000.0,2.0,0.0,0.0,0.0,10.0,1.0,35.0,40.0
582,shay,01262017_K9,K9,2017-01-26 00:00:00,0.0,1.0,1.0,1000.0,1000.0,4.0,0.0,0.0,0.0,10.0,1.0,35.0,35.0
583,shay,01272017_K9,K9,2017-01-27 00:00:00,1.0,1.0,1.0,1000.0,1000.0,45.0,0.0,45.0,0.0,10.0,1.0,35.0,35.0
584,shay,01302017_K9,K9,2017-01-30 00:00:00,1.0,1.0,1.0,1000.0,1000.0,83.0,0.0,83.0,0.0,5.0,1.0,35.0,35.0
585,shay,01312017_K9,K9,2017-01-31 00:00:00,1.0,1.0,1.0,1000.0,1000.0,41.0,0.0,41.0,0.0,2.0,1.0,35.0,35.0
586,shay,02012017_K9,K9,2017-02-01 00:00:00,2.0,0.0,1.0,50.0,50.0,91.0,1.0,53.0,0.58,3.0,1.0,35.0,35.0
587,shay,02022017_K9,K9,2017-02-02 00:00:00,2.0,0.0,1.0,50.0,50.0,222.0,1.0,68.0,0.31,2.0,1.0,35.0,35.0
588,shay,02032017_K9,K9,2017-02-03 00:00:00,2.0,0.0,1.0,50.0,50.0,166.0,1.0,70.0,0.42,2.0,1.0,35.0,35.0
589,shay,02132017_K9,K9,2017-02-13 00:00:00,2.0,1.0,0.0,50.0,50.0,201.0,2.0,114.0,0.57,2.0,1.0,35.0,35.0
590,shay,02142017_K9,K9,2017-02-14 00:00:00,2.0,1.0,0.0,50.0,50.0,117.0,1.0,50.0,0.44,2.0,1.0,35.0,35.0
591,shay,02152017_K9,K9,2017-02-15 00:00:00,2.0,1.0,0.0,50.0,50.0,220.0,2.0,138.0,0.63,2.0,1.0,35.0,35.0
592,shay,02162017_K9,K9,2017-02-16 00:00:00,2.0,0.0,1.0,30.0,30.0,119.0,2.0,86.0,0.72,2.0,1.0,35.0,35.0
593,shay,02172017_K9,K9,2017-02-17 00:00:00,2.0,1.0,0.0,30.0,30.0,176.0,4.0,124.0,0.7,2.0,1.0,35.0,35.0
594,shay,02202017_K9,K9,2017-02-20 00:00:00,2.0,1.0,0.0,30.0,30.0,325.0,7.0,232.0,0.71,2.0,1.0,35.0,35.0
595,shay,02212017_K9,K9,2017-02-21 00:00:00,2.0,0.1,0.9,50.0,50.0,337.0,4.0,211.0,0.68,2.0,1.0,35.0,35.0
596,shay,02222017_K9,K9,2017-02-22 00:00:00,2.0,0.1,0.0,50.0,50.0,71.0,1.0,52.0,0.61,2.0,1.0,35.0,35.0
597,shay,02232017_K9,K9,2017-02-23 00:00:00,2.0,0.1,0.9,50.0,50.0,318.0,4.0,216.0,0.78,2.0,1.0,35.0,35.0
598,shay,02242017_K9,K9,2017-02-24 00:00:00,2.0,0.9,0.1,50.0,50.0,186.0,2.0,136.0,0.72,2.0,1.0,35.0,35.0
599,shay,02272017_K9,K9,2017-02-27 00:00:00,2.0,0.9,0.1,50.0,50.0,553.0,7.0,395.0,0.77,2.0,1.0,35.0,35.0
600,shay,03012017_K9,K9,2017-03-01 00:00:00,2.0,0.9,0.1,50.0,50.0,353.0,4.0,247.0,0.73,2.0,1.0,35.0,35.0
601,shay,03022017_K9,K9,2017-03-02 00:00:00,2.0,0.9,0.1,50.0,50.0,336.0,5.0,250.0,0.79,2.0,1.0,35.0,35.0
602,shay,03032017_K9,K9,2017-03-03 00:00:00,2.0,0.1,0.9,50.0,50.0,465.0,6.0,343.0,0.77,2.0,1.0,35.0,35.0
603,shay,01182017_K10,K10,2017-01-18 00:00:00,0.0,1.0,1.0,1000.0,1000.0,1.0,0.0,1.0,0.0,10.0,1.0,40.0,35.0
604,shay,01182017_K11,K11,2017-01-18 00:00:00,0.0,1.0,1.0,1000.0,1000.0,4.0,0.0,3.0,0.0,10.0,1.0,35.0,40.0
605,shay,02012017_K11,K11,2017-02-01 00:00:00,0.0,1.0,1.0,1000.0,1000.0,1.0,0.0,1.0,0.0,15.0,1.0,50.0,50.0
606,shay,02022017_K11,K11,2017-02-02 00:00:00,1.0,1.0,1.0,1000.0,1000.0,50.0,0.0,50.0,0.0,15.0,1.0,50.0,50.0
607,shay,02032017_K11,K11,2017-02-03 00:00:00,1.0,1.0,1.0,1000.0,1000.0,93.0,0.0,93.0,0.0,10.0,1.0,35.0,35.0
608,shay,02022017_K13,K13,2017-02-02 00:00:00,1.0,0.0,0.0,50.0,50.0,60.0,1.0,50.0,0.0,15.0,1.0,50.0,50.0
609,shay,02032017_K13,K13,2017-02-03 00:00:00,1.0,1.0,1.0,1000.0,1000.0,107.0,0.0,107.0,0.0,10.0,1.0,35.0,35.0
610,shay,02142017_K13,K13,2017-02-14 00:00:00,1.0,1.0,1.0,1000.0,1000.0,166.0,0.0,166.0,0.0,10.0,1.0,50.0,50.0
611,shay,02152017_K13,K13,2017-02-15 00:00:00,2.0,0.0,1.0,50.0,50.0,218.0,1.0,91.0,0.42,5.0,1.0,35.0,35.0
612,shay,02162017_K13,K13,2017-02-16 00:00:00,2.0,0.0,1.0,50.0,50.0,287.0,4.0,210.0,0.73,3.0,1.0,35.0,35.0
613,shay,02172017_K13,K13,2017-02-17 00:00:00,2.0,0.0,1.0,50.0,50.0,446.0,7.0,385.0,0.86,2.0,1.0,35.0,35.0
614,shay,02202017_K13,K13,2017-02-20 00:00:00,2.0,1.0,0.0,50.0,50.0,463.0,7.0,396.0,0.86,2.0,1.0,35.0,35.0
615,shay,02212017_K13,K13,2017-02-21 00:00:00,2.0,0.1,0.9,50.0,50.0,579.0,8.0,439.0,0.82,2.0,1.0,35.0,35.0
616,shay,02222017_K13,K13,2017-02-22 00:00:00,2.0,0.1,0.9,50.0,50.0,523.0,7.0,398.0,0.85,2.0,1.0,35.0,35.0
617,shay,02232017_K13,K13,2017-02-23 00:00:00,2.0,0.1,0.9,50.0,50.0,554.0,8.0,433.0,0.86,2.0,1.0,35.0,35.0
618,shay,02242017_K13,K13,2017-02-24 00:00:00,2.0,0.1,0.9,50.0,50.0,490.0,7.0,376.0,0.86,2.0,1.0,35.0,35.0
619,shay,02272017_K13,K13,2017-02-27 00:00:00,2.0,0.1,0.9,50.0,50.0,568.0,8.0,446.0,0.87,2.0,1.0,35.0,35.0
620,shay,03012017_K13,K13,2017-03-01 00:00:00,2.0,0.1,0.9,50.0,50.0,608.0,9.0,496.0,0.88,2.0,1.0,35.0,35.0
621,shay,03022017_K13,K13,2017-03-02 00:00:00,2.0,0.9,0.1,50.0,50.0,564.0,9.0,450.0,0.88,2.0,1.0,35.0,35.0
622,shay,03032017_K13,K13,2017-03-03 00:00:00,2.0,0.1,0.9,50.0,50.0,530.0,8.0,415.0,0.85,2.0,1.0,35.0,35.0
623,shay,01182017_q43,q43,2017-01-18 00:00:00,2.0,0.1,0.9,50.0,50.0,311.0,5.0,251.0,0.83,3.0,1.0,40.0,35.0
624,shay,01242017_q43,q43,2017-01-24 00:00:00,2.0,0.1,0.9,50.0,50.0,362.0,4.0,250.0,0.71,2.0,1.0,35.0,35.0
625,shay,01252017_q43,q43,2017-01-25 00:00:00,2.0,0.1,0.9,50.0,50.0,520.0,8.0,405.0,0.87,2.0,1.0,35.0,35.0
626,shay,01262017_q43,q43,2017-01-26 00:00:00,2.0,0.9,0.1,50.0,50.0,541.0,8.0,421.0,0.85,2.0,1.0,35.0,35.0
627,shay,01272017_q43,q43,2017-01-27 00:00:00,2.0,0.1,0.9,50.0,50.0,550.0,8.0,425.0,0.82,2.0,1.0,35.0,35.0
628,shay,01302017_q43,q43,2017-01-30 00:00:00,2.0,0.1,0.9,50.0,50.0,546.0,8.0,399.0,0.8,2.0,1.0,35.0,35.0
629,shay,01312017_q43,q43,2017-01-31 00:00:00,2.0,0.9,0.1,50.0,50.0,561.0,8.0,404.0,0.82,2.0,1.0,35.0,35.0
630,shay,02012017_q43,q43,2017-02-01 00:00:00,2.0,0.9,0.1,50.0,50.0,607.0,9.0,493.0,0.92,2.0,1.0,35.0,35.0
631,shay,02022017_q43,q43,2017-02-02 00:00:00,2.0,0.9,0.1,50.0,50.0,511.0,8.0,420.0,0.9,2.0,1.0,35.0,35.0
632,shay,02202017_q43,q43,2017-02-20 00:00:00,2.0,0.9,0.1,50.0,50.0,523.0,8.0,395.0,0.8,2.0,1.0,35.0,35.0
633,shay,02212017_q43,q43,2017-02-21 00:00:00,2.0,0.9,0.1,50.0,50.0,574.0,9.0,450.0,0.84,2.0,1.0,35.0,35.0
634,shay,02222017_q43,q43,2017-02-22 00:00:00,2.0,0.1,0.9,50.0,50.0,554.0,9.0,458.0,0.89,2.0,1.0,35.0,35.0
635,shay,02232017_q43,q43,2017-02-23 00:00:00,2.0,0.1,0.9,50.0,50.0,562.0,8.0,430.0,0.83,2.0,1.0,35.0,35.0
636,shay,02242017_q43,q43,2017-02-24 00:00:00,2.0,0.1,0.9,50.0,50.0,555.0,9.0,454.0,0.9,2.0,1.0,35.0,35.0
637,shay,02272017_q43,q43,2017-02-27 00:00:00,2.0,0.1,0.9,50.0,50.0,575.0,8.0,449.0,0.87,2.0,1.0,35.0,35.0
638,shay,03012017_q43,q43,2017-03-01 00:00:00,2.0,0.1,0.9,50.0,50.0,555.0,9.0,457.0,0.9,2.0,1.0,35.0,35.0
639,shay,03022017_q43,q43,2017-03-02 00:00:00,2.0,0.1,0.9,50.0,50.0,533.0,8.0,421.0,0.86,2.0,1.0,35.0,35.0
640,shay,03032017_q43,q43,2017-03-03 00:00:00,2.0,0.1,0.9,50.0,50.0,503.0,8.0,410.0,0.89,2.0,1.0,35.0,35.0
641,shay,01252017_q45,q45,2017-01-25 00:00:00,2.0,0.1,0.9,50.0,50.0,332.0,4.0,228.0,0.72,2.0,1.0,35.0,35.0
642,shay,01262017_q45,q45,2017-01-26 00:00:00,2.0,0.9,0.1,50.0,50.0,335.0,4.0,230.0,0.78,2.0,1.0,35.0,35.0
643,shay,01272017_q45,q45,2017-01-27 00:00:00,2.0,0.9,0.1,50.0,50.0,417.0,5.0,293.0,0.75,2.0,1.0,35.0,35.0
644,shay,01302017_q45,q45,2017-01-30 00:00:00,2.0,0.1,0.9,50.0,50.0,529.0,8.0,425.0,0.86,2.0,1.0,35.0,35.0
645,shay,01312017_q45,q45,2017-01-31 00:00:00,2.0,0.1,0.9,50.0,50.0,532.0,7.0,393.0,0.83,2.0,1.0,35.0,35.0
646,shay,02012017_q45,q45,2017-02-01 00:00:00,2.0,0.1,0.9,50.0,50.0,515.0,8.0,407.0,0.87,2.0,1.0,35.0,35.0
647,shay,02022017_q45,q45,2017-02-02 00:00:00,2.0,0.1,0.9,50.0,50.0,467.0,7.0,356.0,0.82,2.0,1.0,35.0,35.0
648,shay,02202017_q45,q45,2017-02-20 00:00:00,2.0,0.1,0.9,50.0,50.0,510.0,7.0,390.0,0.86,2.0,1.0,35.0,35.0
649,shay,02212017_q45,q45,2017-02-21 00:00:00,2.0,0.9,0.1,50.0,50.0,719.0,11.0,561.0,0.86,2.0,1.0,35.0,35.0
650,shay,02222017_q45,q45,2017-02-22 00:00:00,2.0,0.9,0.1,50.0,50.0,553.0,8.0,430.0,0.85,2.0,1.0,35.0,35.0
651,shay,02232017_q45,q45,2017-02-23 00:00:00,2.0,0.9,0.1,50.0,50.0,462.0,7.0,381.0,0.89,2.0,1.0,35.0,35.0
652,shay,02242017_q45,q45,2017-02-24 00:00:00,2.0,0.9,0.1,50.0,50.0,420.0,6.0,328.0,0.83,2.0,1.0,35.0,35.0
653,shay,03012017_q45,q45,2017-03-01 00:00:00,2.0,0.1,0.9,50.0,50.0,497.0,7.0,396.0,0.87,2.0,1.0,35.0,35.0
654,shay,03022017_q45,q45,2017-03-02 00:00:00,2.0,0.1,0.9,50.0,50.0,558.0,8.0,431.0,0.87,2.0,1.0,35.0,35.0
655,shay,03032017_q45,q45,2017-03-03 00:00:00,2.0,0.1,0.9,50.0,50.0,515.0,8.0,440.0,0.9,2.0,1.0,35.0,35.0
656,shay,03082017_k1,K1,2017-03-08 00:00:00,2.0,0.1,0.9,50.0,50.0,516.0,8.0,399.0,0.83,2.0,1.0,35.0,35.0
657,shay,03082017_k13,K13,2017-03-08 00:00:00,2.0,0.9,0.1,50.0,50.0,456.0,7.0,351.0,0.86,2.0,1.0,35.0,35.0
658,shay,03082017_k7,K7,2017-03-08 00:00:00,2.0,0.1,0.9,50.0,50.0,460.0,6.0,344.0,0.82,2.0,1.0,35.0,35.0
659,shay,03082017_k9,K9,2017-03-08 00:00:00,2.0,0.1,0.9,50.0,50.0,463.0,6.0,349.0,0.81,2.0,1.0,35.0,35.0
660,shay,03082017_Q43,Q43,2017-03-08 00:00:00,2.0,0.9,0.1,50.0,50.0,588.0,9.0,464.0,0.88,2.0,1.0,35.0,35.0
661,shay,03082017_Q45,Q45,2017-03-08 00:00:00,2.0,0.1,0.9,50.0,50.0,521.0,8.0,402.0,0.84,2.0,1.0,35.0,35.0
662,shay,03092017_K1,K1,2017-03-09 00:00:00,2.0,0.1,0.9,50.0,50.0,495.0,7.0,372.0,0.82,2.0,1.0,35.0,35.0
663,shay,03092017_K13,K13,2017-03-09 00:00:00,2.0,0.9,0.1,50.0,50.0,525.0,8.0,406.0,0.85,2.0,1.0,35.0,35.0
664,shay,03092017_K7,K7,2017-03-09 00:00:00,2.0,0.9,0.1,50.0,50.0,399.0,6.0,321.0,0.91,2.0,1.0,35.0,35.0
665,shay,03092017_K9,K9,2017-03-09 00:00:00,2.0,0.9,0.1,50.0,50.0,355.0,4.0,240.0,0.75,2.0,1.0,35.0,35.0
666,shay,03092017_Q43,Q43,2017-03-09 00:00:00,2.0,0.9,0.1,50.0,50.0,517.0,8.0,437.0,0.9,2.0,1.0,35.0,35.0
667,shay,03092017_Q45,Q45,2017-03-09 00:00:00,2.0,0.9,0.1,50.0,50.0,544.0,8.0,432.0,0.86,2.0,1.0,35.0,35.0
668,shay,03132017_K1,K1,2017-03-13 00:00:00,2.0,0.9,0.1,50.0,50.0,496.0,8.0,401.0,0.89,2.0,1.0,35.0,35.0
669,shay,03132017_K13,K13,2017-03-13 00:00:00,2.0,0.2,0.8,50.0,50.0,627.0,8.0,438.0,0.84,2.0,1.0,35.0,35.0
670,shay,03132017_K7,K7,2017-03-13 00:00:00,2.0,0.8,0.2,50.0,50.0,589.0,8.0,400.0,0.81,2.0,1.0,35.0,35.0
671,shay,03132017_K9,K9,2017-03-13 00:00:00,2.0,0.9,0.1,50.0,50.0,196.0,2.0,133.0,0.76,2.0,1.0,35.0,35.0
672,shay,03132017_Q43,Q43,2017-03-13 00:00:00,2.0,0.2,0.8,50.0,50.0,584.0,9.0,450.0,0.9,2.0,1.0,35.0,35.0
673,shay,03132017_Q45,Q45,2017-03-13 00:00:00,2.0,0.1,0.9,50.0,50.0,565.0,9.0,449.0,0.86,2.0,1.0,35.0,35.0
674,shay,03142017_K1,K1,2017-03-14 00:00:00,2.0,0.1,0.9,50.0,50.0,563.0,8.0,436.0,0.85,2.0,1.0,35.0,35.0
675,shay,03142017_K13,K13,2017-03-14 00:00:00,2.0,0.8,0.2,50.0,50.0,339.0,5.0,251.0,0.84,2.0,1.0,35.0,35.0
676,shay,03142017_K7,K7,2017-03-14 00:00:00,2.0,0.8,0.2,50.0,50.0,519.0,7.0,378.0,0.89,2.0,1.0,35.0,35.0
677,shay,03142017_K9,K9,2017-03-14 00:00:00,2.0,0.8,0.2,50.0,50.0,400.0,5.0,255.0,0.78,2.0,1.0,35.0,35.0
678,shay,03142017_Q43,Q43,2017-03-14 00:00:00,2.0,0.2,0.8,50.0,50.0,564.0,8.0,404.0,0.85,2.0,1.0,35.0,35.0
679,shay,03142017_Q45,Q45,2017-03-14 00:00:00,2.0,0.9,0.1,50.0,50.0,594.0,9.0,484.0,0.9,2.0,1.0,35.0,35.0
680,shay,03152017_K1,K1,2017-03-15 00:00:00,2.0,0.2,0.8,50.0,50.0,559.0,8.0,418.0,0.89,2.0,1.0,35.0,35.0
681,shay,03152017_K13,K13,2017-03-15 00:00:00,2.0,0.2,0.8,50.0,50.0,566.0,8.0,405.0,0.89,2.0,1.0,35.0,35.0
682,shay,03152017_K7,K7,2017-03-15 00:00:00,2.0,0.2,0.8,50.0,50.0,605.0,8.0,411.0,0.84,2.0,1.0,35.0,35.0
683,shay,03152017_K9,K9,2017-03-15 00:00:00,2.0,0.9,0.1,50.0,50.0,207.0,2.0,147.0,0.81,2.0,1.0,35.0,35.0
684,shay,03152017_Q43,Q43,2017-03-15 00:00:00,2.0,0.2,0.8,50.0,50.0,547.0,8.0,400.0,0.89,2.0,1.0,35.0,35.0
685,shay,03152017_Q45,Q45,2017-03-15 00:00:00,2.0,0.8,0.2,50.0,50.0,661.0,9.0,452.0,0.83,2.0,1.0,35.0,35.0
686,shay,03162017_K1,K1,2017-03-16 00:00:00,2.0,0.8,0.2,50.0,50.0,539.0,8.0,404.0,0.89,2.0,1.0,35.0,35.0
687,shay,03162017_K13,K13,2017-03-16 00:00:00,2.0,0.8,0.2,50.0,50.0,593.0,8.0,402.0,0.85,2.0,1.0,35.0,35.0
688,shay,03162017_K7,K7,2017-03-16 00:00:00,2.0,0.8,0.2,50.0,50.0,569.0,8.0,406.0,0.85,2.0,1.0,35.0,35.0
689,shay,03162017_K9,K9,2017-03-16 00:00:00,2.0,0.9,0.1,50.0,50.0,402.0,5.0,275.0,0.75,2.0,1.0,35.0,35.0
690,shay,03162017_Q43,Q43,2017-03-16 00:00:00,2.0,0.2,0.8,50.0,50.0,650.0,9.0,467.0,0.83,2.0,1.0,35.0,35.0
691,shay,03162017_Q45,Q45,2017-03-16 00:00:00,2.0,0.8,0.2,50.0,50.0,576.0,8.0,403.0,0.87,2.0,1.0,35.0,35.0
692,shay,03172017_K1,K1,2017-03-17 00:00:00,2.0,0.2,0.8,50.0,50.0,540.0,8.0,402.0,0.88,2.0,1.0,35.0,35.0
693,shay,03172017_K13,K13,2017-03-17 00:00:00,2.0,0.2,0.8,50.0,50.0,593.0,8.0,406.0,0.8,2.0,1.0,35.0,35.0
694,shay,03172017_K7,K7,2017-03-17 00:00:00,2.0,0.2,0.8,50.0,50.0,600.0,8.0,418.0,0.87,2.0,1.0,35.0,35.0
695,shay,03172017_K9,K9,2017-03-17 00:00:00,2.0,0.9,0.1,50.0,50.0,409.0,6.0,303.0,0.77,2.0,1.0,35.0,35.0
696,shay,03172017_Q43,Q43,2017-03-17 00:00:00,2.0,0.2,0.8,50.0,50.0,569.0,8.0,412.0,0.85,2.0,1.0,35.0,35.0
697,shay,03172017_Q45,Q45,2017-03-17 00:00:00,2.0,0.8,0.2,50.0,50.0,618.0,9.0,453.0,0.88,2.0,1.0,35.0,35.0
698,shay,03202017_K1,K1,2017-03-20 00:00:00,2.0,0.8,0.2,50.0,50.0,456.0,6.0,317.0,0.84,2.0,1.0,35.0,35.0
699,shay,03202017_K13,K13,2017-03-20 00:00:00,2.0,0.2,0.8,50.0,50.0,504.0,7.0,355.0,0.81,2.0,1.0,35.0,35.0
700,shay,03202017_K7,K7,2017-03-20 00:00:00,2.0,0.8,0.2,50.0,50.0,610.0,8.0,447.0,0.91,2.0,1.0,35.0,35.0
701,shay,03202017_K9,K9,2017-03-20 00:00:00,2.0,0.1,0.9,50.0,50.0,581.0,8.0,404.0,0.73,2.0,1.0,35.0,35.0
702,shay,03202017_Q43,Q43,2017-03-20 00:00:00,2.0,0.2,0.8,50.0,50.0,516.0,7.0,377.0,0.87,2.0,1.0,35.0,35.0
703,shay,03202017_Q45,Q45,2017-03-20 00:00:00,2.0,0.8,0.2,50.0,50.0,709.0,10.0,521.0,0.87,2.0,1.0,35.0,35.0
704,shay,03212017_K1,K1,2017-03-21 00:00:00,2.0,0.2,0.8,50.0,50.0,569.0,8.0,400.0,0.86,2.0,1.0,35.0,35.0
705,shay,03212017_K13,K13,2017-03-21 00:00:00,2.0,0.3,0.7,50.0,50.0,460.0,6.0,309.0,0.85,2.0,1.0,35.0,35.0
706,shay,03212017_K7,K7,2017-03-21 00:00:00,2.0,0.2,0.8,50.0,50.0,570.0,8.0,400.0,0.84,2.0,1.0,35.0,35.0
707,shay,03212017_K9,K9,2017-03-21 00:00:00,2.0,0.1,0.9,50.0,50.0,345.0,4.0,229.0,0.73,2.0,1.0,35.0,35.0
708,shay,03212017_Q43,Q43,2017-03-21 00:00:00,2.0,0.7,0.3,50.0,50.0,567.0,7.0,350.0,0.76,2.0,1.0,35.0,35.0
709,shay,03212017_Q45,Q45,2017-03-21 00:00:00,2.0,0.7,0.3,50.0,50.0,790.0,9.0,454.0,0.66,2.0,1.0,35.0,35.0
710,shay,03222017_K1,K1,2017-03-22 00:00:00,2.0,0.2,0.8,50.0,50.0,479.0,6.0,333.0,0.85,2.0,1.0,35.0,35.0
711,shay,03222017_K13,K13,2017-03-22 00:00:00,2.0,0.3,0.7,50.0,50.0,307.0,3.0,168.0,0.56,2.0,1.0,35.0,35.0
712,shay,03222017_K7,K7,2017-03-22 00:00:00,2.0,0.7,0.3,50.0,50.0,421.0,5.0,250.0,0.66,2.0,1.0,35.0,35.0
713,shay,03222017_K9,K9,2017-03-22 00:00:00,2.0,0.1,0.9,50.0,50.0,303.0,4.0,206.0,0.7,2.0,1.0,35.0,35.0
714,shay,03222017_Q43,Q43,2017-03-22 00:00:00,2.0,0.3,0.7,50.0,50.0,310.0,3.0,176.0,0.68,2.0,1.0,35.0,35.0
715,shay,03222017_Q45,Q45,2017-03-22 00:00:00,2.0,0.7,0.3,50.0,50.0,719.0,8.0,436.0,0.81,2.0,1.0,35.0,35.0
716,shay,03232017_K1,K1,2017-03-23 00:00:00,2.0,0.2,0.8,50.0,50.0,527.0,7.0,388.0,0.86,2.0,1.0,35.0,35.0
717,shay,03232017_K13,K13,2017-03-23 00:00:00,2.0,0.3,0.7,50.0,50.0,566.0,6.0,340.0,0.75,2.0,1.0,35.0,35.0
718,shay,03232017_K7,K7,2017-03-23 00:00:00,2.0,0.3,0.7,50.0,50.0,568.0,7.0,357.0,0.78,2.0,1.0,35.0,35.0
719,shay,03232017_K9,K9,2017-03-23 00:00:00,2.0,0.1,0.9,50.0,50.0,383.0,5.0,268.0,0.76,2.0,1.0,35.0,35.0
720,shay,03232017_Q43,Q43,2017-03-23 00:00:00,2.0,0.3,0.7,50.0,50.0,506.0,6.0,308.0,0.74,2.0,1.0,35.0,35.0
721,shay,03232017_Q45,Q45,2017-03-23 00:00:00,2.0,0.7,0.3,50.0,50.0,633.0,7.0,391.0,0.8,2.0,1.0,35.0,35.0
722,shay,03242017_K1,K1,2017-03-24 00:00:00,2.0,0.8,0.2,50.0,50.0,572.0,8.0,418.0,0.86,2.0,1.0,35.0,35.0
723,shay,03242017_K13,K13,2017-03-24 00:00:00,2.0,0.3,0.7,50.0,500.0,401.0,0.0,274.0,0.99,2.0,1.0,35.0,35.0
724,shay,03242017_K7,K7,2017-03-24 00:00:00,2.0,0.3,0.7,50.0,50.0,582.0,6.0,335.0,0.67,2.0,1.0,35.0,35.0
725,shay,03242017_K9,K9,2017-03-24 00:00:00,2.0,0.9,0.1,50.0,50.0,425.0,5.0,287.0,0.72,2.0,1.0,35.0,35.0
726,shay,03242017_Q43,Q43,2017-03-24 00:00:00,2.0,0.7,0.3,50.0,50.0,554.0,6.0,345.0,0.81,2.0,1.0,35.0,35.0
727,shay,03242017_Q45,Q45,2017-03-24 00:00:00,2.0,0.3,0.7,50.0,50.0,665.0,8.0,429.0,0.87,2.0,1.0,35.0,35.0
728,shay,03272017_K1,K1,2017-03-27 00:00:00,2.0,0.2,0.8,50.0,50.0,549.0,8.0,400.0,0.88,2.0,1.0,35.0,35.0
729,shay,03272017_K7,K7,2017-03-27 00:00:00,2.0,0.3,0.7,50.0,50.0,607.0,7.0,349.0,0.67,2.0,1.0,35.0,35.0
730,shay,03272017_K9,K9,2017-03-27 00:00:00,2.0,0.1,0.9,50.0,50.0,487.0,6.0,350.0,0.79,2.0,1.0,35.0,35.0
731,shay,03272017_Q43,Q43,2017-03-27 00:00:00,2.0,0.3,0.7,50.0,50.0,640.0,7.0,377.0,0.74,2.0,1.0,35.0,35.0
732,shay,03272017_Q45,Q45,2017-03-27 00:00:00,2.0,0.3,0.7,50.0,50.0,697.0,8.0,446.0,0.83,2.0,1.0,35.0,35.0
733,shay,03282017_K1,K1,2017-03-28 00:00:00,2.0,0.3,0.7,50.0,50.0,488.0,5.0,296.0,0.78,2.0,1.0,35.0,35.0
734,shay,03282017_K11,K11,2017-03-28 00:00:00,0.0,1.0,1.0,1000.0,1000.0,6.0,0.0,1.0,0.0,2.0,1.0,50.0,50.0
735,shay,03282017_K13,K13,2017-03-28 00:00:00,2.0,0.9,0.1,50.0,50.0,392.0,6.0,300.0,0.82,2.0,1.0,35.0,35.0
736,shay,03282017_K7,K7,2017-03-28 00:00:00,2.0,0.9,0.1,50.0,50.0,549.0,9.0,454.0,0.92,2.0,1.0,35.0,35.0
737,shay,03282017_K9,K9,2017-03-28 00:00:00,2.0,0.2,0.8,50.0,50.0,486.0,6.0,306.0,0.76,2.0,1.0,35.0,35.0
738,shay,03282017_Q43,Q43,2017-03-28 00:00:00,2.0,0.1,0.9,50.0,50.0,14.0,0.0,3.0,0.14,4.0,1.0,35.0,35.0
739,shay,03282017_Q45,Q45,2017-03-28 00:00:00,2.0,0.9,0.1,50.0,50.0,12.0,0.0,3.0,0.33,4.0,1.0,35.0,35.0
740,shay,03292017_K1,K1,2017-03-29 00:00:00,2.0,0.7,0.3,50.0,50.0,472.0,5.0,299.0,0.86,2.0,1.0,35.0,35.0
741,shay,03292017_K11,K11,2017-03-29 00:00:00,1.0,1.0,1.0,1000.0,1000.0,54.0,0.0,54.0,0.0,7.0,1.0,40.0,40.0
742,shay,03292017_K13,K13,2017-03-29 00:00:00,2.0,0.9,0.1,50.0,50.0,533.0,8.0,402.0,0.83,2.0,1.0,35.0,35.0
743,shay,03292017_K9,K9,2017-03-29 00:00:00,2.0,0.2,0.8,50.0,50.0,335.0,3.0,191.0,0.61,2.0,1.0,35.0,35.0
744,shay,03292017_Q43,Q43,2017-03-29 00:00:00,2.0,0.9,0.1,50.0,50.0,87.0,1.0,63.0,0.82,2.0,1.0,35.0,35.0
745,shay,03292017_Q45,Q45,2017-03-29 00:00:00,2.0,0.9,0.1,50.0,50.0,154.0,2.0,126.0,0.88,2.0,1.0,35.0,35.0
746,shay,03302017_K1,K1,2017-03-30 00:00:00,2.0,0.7,0.3,50.0,50.0,548.0,6.0,333.0,0.72,2.0,1.0,35.0,35.0
747,shay,03302017_K11,K11,2017-03-30 00:00:00,1.0,1.0,1.0,1000.0,1000.0,146.0,0.0,146.0,0.0,5.0,1.0,40.0,40.0
748,shay,03302017_K13,K13,2017-03-30 00:00:00,2.0,0.1,0.9,50.0,50.0,566.0,8.0,441.0,0.85,2.0,1.0,35.0,35.0
749,shay,03302017_K7,K7,2017-03-30 00:00:00,2.0,0.9,0.1,50.0,50.0,591.0,6.0,318.0,0.52,2.0,1.0,35.0,35.0
750,shay,03302017_K9,K9,2017-03-30 00:00:00,2.0,0.9,0.1,50.0,50.0,347.0,5.0,265.0,0.82,2.0,1.0,35.0,40.0
751,shay,03302017_Q43,Q43,2017-03-30 00:00:00,2.0,1.0,0.0,30.0,30.0,290.0,8.0,249.0,0.86,2.0,1.0,35.0,35.0
752,shay,03302017_Q45,Q45,2017-03-30 00:00:00,2.0,0.0,1.0,30.0,30.0,417.0,12.0,360.0,0.86,2.0,1.0,35.0,35.0
753,shay,03312017_K1,K1,2017-03-31 00:00:00,2.0,0.7,0.3,50.0,50.0,414.0,5.0,250.0,0.79,2.0,1.0,35.0,35.0
754,shay,03312017_K10,K10,2017-03-31 00:00:00,1.0,1.0,1.0,1000.0,1000.0,6.0,0.0,6.0,0.0,10.0,1.0,50.0,50.0
755,shay,03312017_K11,K11,2017-03-31 00:00:00,2.0,0.0,1.0,30.0,30.0,125.0,2.0,61.0,0.49,2.0,1.0,35.0,35.0
756,shay,03312017_K13,K13,2017-03-31 00:00:00,2.0,0.9,0.1,50.0,50.0,522.0,8.0,434.0,0.89,2.0,1.0,35.0,35.0
757,shay,03312017_K7,K7,2017-03-31 00:00:00,2.0,0.1,0.9,50.0,50.0,514.0,8.0,398.0,0.87,2.0,1.0,35.0,35.0
758,shay,03312017_K9,K9,2017-03-31 00:00:00,2.0,0.9,0.1,50.0,50.0,299.0,4.0,211.0,0.77,2.0,1.0,35.0,35.0
759,shay,03312017_Q43,Q43,2017-03-31 00:00:00,2.0,1.0,0.0,30.0,30.0,323.0,9.0,288.0,0.89,2.0,1.0,35.0,35.0
760,shay,03312017_Q45,Q45,2017-03-31 00:00:00,2.0,1.0,0.0,30.0,30.0,435.0,12.0,387.0,0.89,2.0,1.0,35.0,35.0
761,shay,04032017_K1,K1,2017-04-03 00:00:00,2.0,0.7,0.3,50.0,50.0,533.0,6.0,311.0,0.76,2.0,1.0,35.0,35.0
762,shay,04032017_K10,K10,2017-04-03 00:00:00,1.0,1.0,1.0,1000.0,1000.0,23.0,0.0,23.0,0.0,10.0,1.0,40.0,40.0
763,shay,04032017_K11,K11,2017-04-03 00:00:00,2.0,1.0,0.0,30.0,30.0,163.0,2.0,82.0,0.5,2.0,1.0,35.0,35.0
764,shay,04032017_K13,K13,2017-04-03 00:00:00,2.0,0.1,0.9,50.0,50.0,688.0,10.0,537.0,0.86,2.0,1.0,35.0,35.0
765,shay,04032017_K7,K7,2017-04-03 00:00:00,2.0,0.1,0.9,50.0,50.0,515.0,7.0,378.0,0.81,2.0,1.0,35.0,35.0
766,shay,04032017_K9,K9,2017-04-03 00:00:00,2.0,0.1,0.9,50.0,50.0,567.0,8.0,428.0,0.83,2.0,1.0,35.0,35.0
767,shay,04032017_Q43,Q43,2017-04-03 00:00:00,2.0,0.8,0.2,50.0,50.0,508.0,6.0,339.0,0.81,2.0,1.0,35.0,35.0
768,shay,04032017_Q45,Q45,2017-04-03 00:00:00,2.0,0.2,0.8,50.0,50.0,610.0,8.0,442.0,0.86,2.0,1.0,35.0,35.0
769,shay,04042017_K1,K1,2017-04-04 00:00:00,2.0,0.1,0.9,50.0,50.0,623.0,10.0,515.0,0.91,2.0,1.0,35.0,35.0
770,shay,04042017_K10,K10,2017-04-04 00:00:00,1.0,1.0,1.0,1000.0,1000.0,67.0,0.0,67.0,0.0,10.0,1.0,40.0,40.0
771,shay,04042017_K11,K11,2017-04-04 00:00:00,2.0,0.0,1.0,30.0,30.0,41.0,0.0,13.0,0.32,2.0,1.0,35.0,35.0
772,shay,04042017_K13,K13,2017-04-04 00:00:00,2.0,0.9,0.1,50.0,50.0,492.0,8.0,400.0,0.9,2.0,1.0,35.0,35.0
773,shay,04042017_K7,K7,2017-04-04 00:00:00,2.0,0.2,0.8,50.0,50.0,618.0,8.0,417.0,0.81,2.0,1.0,35.0,35.0
774,shay,04042017_K9,K9,2017-04-04 00:00:00,2.0,0.2,0.8,50.0,50.0,276.0,3.0,164.0,0.74,2.0,1.0,35.0,35.0
775,shay,04042017_Q43,Q43,2017-04-04 00:00:00,2.0,0.2,0.8,50.0,50.0,511.0,6.0,347.0,0.79,2.0,1.0,35.0,35.0
776,shay,04042017_Q45,Q45,2017-04-04 00:00:00,2.0,0.8,0.2,50.0,50.0,563.0,8.0,410.0,0.87,2.0,1.0,35.0,35.0
777,shay,04052017_K1,K1,2017-04-05 00:00:00,2.0,0.1,0.9,50.0,50.0,490.0,8.0,400.0,0.88,2.0,1.0,35.0,35.0
778,shay,04052017_K10,K10,2017-04-05 00:00:00,2.0,1.0,0.0,30.0,30.0,55.0,1.0,32.0,0.58,2.0,1.0,35.0,35.0
779,shay,04052017_K11,K11,2017-04-05 00:00:00,2.0,1.0,0.0,30.0,30.0,317.0,7.0,215.0,0.68,2.0,1.0,35.0,35.0
780,shay,04052017_K13,K13,2017-04-05 00:00:00,2.0,0.1,0.9,50.0,50.0,506.0,8.0,417.0,0.88,2.0,1.0,35.0,35.0
781,shay,04052017_K7,K7,2017-04-05 00:00:00,2.0,0.2,0.8,50.0,50.0,652.0,9.0,461.0,0.84,2.0,1.0,35.0,35.0
782,shay,04052017_K9,K9,2017-04-05 00:00:00,2.0,0.2,0.8,50.0,50.0,304.0,4.0,216.0,0.83,2.0,1.0,35.0,35.0
783,shay,04052017_Q43,Q43,2017-04-05 00:00:00,2.0,0.8,0.2,50.0,50.0,490.0,6.0,345.0,0.83,2.0,1.0,35.0,35.0
784,shay,04052017_Q45,Q45,2017-04-05 00:00:00,2.0,0.2,0.8,50.0,50.0,623.0,8.0,442.0,0.84,2.0,1.0,35.0,35.0
785,shay,04062017_K1,K1,2017-04-06 00:00:00,2.0,0.9,0.1,50.0,50.0,522.0,8.0,433.0,0.9,2.0,1.5,35.0,35.0
786,shay,04062017_K10,K10,2017-04-06 00:00:00,2.0,1.0,0.0,30.0,30.0,28.0,0.0,5.0,0.18,5.0,1.5,35.0,35.0
787,shay,04062017_K11,K11,2017-04-06 00:00:00,2.0,0.0,1.0,50.0,50.0,220.0,3.0,158.0,0.72,2.0,1.5,35.0,35.0
788,shay,04062017_K13,K13,2017-04-06 00:00:00,2.0,0.9,0.1,50.0,50.0,405.0,6.0,322.0,0.88,2.0,1.5,35.0,35.0
789,shay,04062017_K7,K7,2017-04-06 00:00:00,2.0,0.8,0.2,50.0,50.0,405.0,5.0,262.0,0.78,2.0,1.5,35.0,35.0
790,shay,04062017_K9,K9,2017-04-06 00:00:00,2.0,0.8,0.2,50.0,50.0,296.0,3.0,171.0,0.64,2.0,1.5,35.0,35.0
791,shay,04062017_Q43,Q43,2017-04-06 00:00:00,2.0,0.8,0.2,50.0,50.0,496.0,7.0,349.0,0.79,2.0,1.5,35.0,35.0
792,shay,04062017_Q45,Q45,2017-04-06 00:00:00,2.0,0.8,0.2,50.0,50.0,946.0,12.0,641.0,0.8,2.0,1.5,35.0,35.0
793,shay,04072017_K1,K1,2017-04-07 00:00:00,2.0,0.9,0.1,50.0,50.0,541.0,9.0,453.0,0.9,2.0,1.5,35.0,35.0
794,shay,04072017_K10,K10,2017-04-07 00:00:00,1.0,1.0,1.0,1000.0,1000.0,111.0,0.0,111.0,0.0,5.0,1.5,40.0,40.0
795,shay,04072017_K11,K11,2017-04-07 00:00:00,2.0,0.0,1.0,50.0,50.0,292.0,4.0,240.0,0.82,2.0,1.5,35.0,35.0
796,shay,04072017_K13,K13,2017-04-07 00:00:00,2.0,0.9,0.1,50.0,50.0,459.0,7.0,372.0,0.88,2.0,1.5,35.0,35.0
797,shay,04072017_K7,K7,2017-04-07 00:00:00,2.0,0.8,0.2,50.0,50.0,449.0,6.0,319.0,0.77,2.0,1.5,35.0,35.0
798,shay,04072017_K9,K9,2017-04-07 00:00:00,2.0,0.8,0.2,50.0,50.0,299.0,3.0,179.0,0.63,2.0,1.5,35.0,35.0
799,shay,04072017_Q43,Q43,2017-04-07 00:00:00,2.0,0.8,0.2,50.0,50.0,555.0,8.0,406.0,0.87,2.0,1.5,35.0,35.0
800,shay,04072017_Q45,Q45,2017-04-07 00:00:00,2.0,0.8,0.2,50.0,50.0,583.0,7.0,394.0,0.78,2.0,1.5,35.0,35.0
801,mike,05052017_PV25,PV25,2017-05-05 00:00:00,1.0,1.0,1.0,1000.0,1000.0,4.0,0.0,4.0,0.0,12.0,1.0,45.0,45.0
802,mike,05052017_PV29,PV29,2017-05-05 00:00:00,1.0,1.0,1.0,1000.0,1000.0,6.0,0.0,6.0,0.0,12.0,1.0,45.0,45.0
803,mike,05052017_SOM39,SOM39,2017-05-05 00:00:00,1.0,1.0,1.0,1000.0,1000.0,2.0,0.0,2.0,0.0,12.0,1.0,45.0,45.0
804,mike,05052017_SOM42,SOM42,2017-05-05 00:00:00,2.0,1.0,0.0,30.0,30.0,148.0,2.0,68.0,0.46,10.0,1.0,45.0,45.0
805,mike,05052017_SOM44,SOM44,2017-05-05 00:00:00,1.0,1.0,1.0,1000.0,1000.0,19.0,0.0,19.0,0.0,12.0,1.0,45.0,45.0
806,mike,05052017_SOM45,SOM45,2017-05-05 00:00:00,1.0,1.0,1.0,1000.0,1000.0,4.0,0.0,4.0,0.0,12.0,1.0,45.0,45.0
807,mike,05092017_PV29,PV29,2017-05-09 00:00:00,1.0,1.0,1.0,1000.0,1000.0,20.0,0.0,20.0,0.0,10.0,1.0,45.0,45.0
808,mike,05092017_SOM44,SOM44,2017-05-09 00:00:00,2.0,0.0,1.0,30.0,30.0,118.0,2.0,65.0,0.55,10.0,1.0,45.0,45.0
809,mike,05092017_SOM45,SOM45,2017-05-09 00:00:00,1.0,1.0,1.0,1000.0,1000.0,22.0,0.0,22.0,0.0,10.0,1.0,45.0,45.0
810,mike,05102017_PV29,PV29,2017-05-10 00:00:00,1.0,1.0,1.0,1000.0,1000.0,23.0,0.0,23.0,0.0,10.0,1.0,45.0,45.0
811,mike,05102017_SOM42,SOM42,2017-05-10 00:00:00,2.0,1.0,0.0,30.0,30.0,149.0,3.0,114.0,0.77,10.0,1.0,45.0,45.0
812,mike,05102017_SOM44,SOM44,2017-05-10 00:00:00,1.0,1.0,1.0,1000.0,1000.0,43.0,0.0,43.0,0.0,10.0,1.0,45.0,45.0
813,mike,05102017_SOM45,SOM45,2017-05-10 00:00:00,1.0,1.0,1.0,1000.0,1000.0,19.0,0.0,19.0,0.0,10.0,1.0,45.0,45.0
814,mike,05112017_PV29,PV29,2017-05-11 00:00:00,1.0,1.0,1.0,1000.0,1000.0,12.0,0.0,12.0,0.0,7.0,1.0,40.0,40.0
815,mike,05112017_SOM42,SOM42,2017-05-11 00:00:00,2.0,1.0,0.0,50.0,50.0,7.0,0.0,6.0,0.86,7.0,1.0,40.0,40.0
816,mike,05112017_SOM44,SOM44,2017-05-11 00:00:00,1.0,1.0,1.0,1000.0,1000.0,15.0,0.0,15.0,0.0,7.0,1.0,40.0,40.0
817,mike,05112017_SOM45,SOM45,2017-05-11 00:00:00,1.0,1.0,1.0,1000.0,1000.0,27.0,0.0,27.0,0.0,7.0,1.0,40.0,40.0
818,mike,05122017_PV29,PV29,2017-05-12 00:00:00,1.0,1.0,1.0,1000.0,1000.0,14.0,0.0,14.0,0.0,7.0,1.0,40.0,40.0
819,mike,05122017_SOM42,SOM42,2017-05-12 00:00:00,2.0,0.0,1.0,50.0,50.0,68.0,0.0,44.0,0.65,7.0,1.0,40.0,40.0
820,mike,05122017_SOM44,SOM44,2017-05-12 00:00:00,1.0,1.0,1.0,1000.0,1000.0,14.0,0.0,14.0,0.0,7.0,1.0,40.0,40.0
821,mike,05122017_SOM45,SOM45,2017-05-12 00:00:00,1.0,1.0,1.0,1000.0,1000.0,36.0,0.0,36.0,0.0,7.0,1.0,40.0,40.0
